synonym,wdId,cur_state,cur_lexLabel,type,ref,notes
Augusto Severo,Q1802671,RN,campo.grande,alt canonico,[1903 1991],"Em 28 de agosto de 1903, a Lei nº 192 mudou o nome do município para Augusto Severo"
Bom Jesus,Q891725,GO,bom.jesus.goias,alt oficial reduz,CEP e Wikipedia-pt,
Campo de Santana,,PB,tacima,alt canonico,[1996 2009-12-22],
Dona Euzébia,Q1756805,MG,dona.eusebia,alt oficial orto arcaica,CEP e Wikipedia-pt,
Espigão do Oeste,Q616498,RO,espigao.d.oeste,alt oficial,CEP,
Graccho Cardoso,Q647366,SE,gracho.cardoso,alt oficial,CEP,
Iguaraci,Q2010845,PE,iguaracy,alt oficial,CEP e Wikipedia-pt,
Januário Cicco,,RN,boa.saude,alt canonico,[1953 1991-02-01],
Presidente Juscelino,,RN,serra.caiada,alt canonico,[1963 1963],
Presidente Kubitschek,,RN,serra.caiada,alt canonico,[1964-01-23 2013-01-13],
Santana do Livramento,Q917693,RS,santana.livramento,alt oficial,CEP,
Santarém,,PB,joca.claudino,alt canonico,[1994-04-29 2010-12-27],
São Valério,,TO,sao.valerio.natividade,alt oficial,IBGE (reduzido),
Triunfo,Q1802671,RN,campo.grande,alt canonico,[1870 1902],"A Lei nº 613, de 30 de março de 1870, restaurou o município com a denominação, de Triunfo"
Abade,Q1755164,MG,sao.bento.abade,alt orto auto,auto_nick,(testing)
Abadia,Q304652,GO,abadia.goias,alt orto auto,auto_nick,(testing)
Abadia,Q582223,MG,abadia.dourados,alt orto auto,auto_nick,(testing)
Abdon,Q1637414,SC,abdon.batista,alt orto auto,auto_nick,(testing)
Abel,Q942803,PA,abel.figueiredo,alt orto auto,auto_nick,(testing)
Abelardo,Q1637506,SC,abelardo.luz,alt orto auto,auto_nick,(testing)
Abre,Q1749816,MG,abre.campo,alt orto auto,auto_nick,(testing)
Acaraú,Q2027584,CE,santana.acarau,alt orto auto,auto_nick,(testing)
Acima,Q732563,MG,rio.acima,alt orto auto,auto_nick,(testing)
Acordo,Q1801572,TO,novo.acordo,alt orto auto,auto_nick,(testing)
Acre,Q1772602,AC,porto.acre,alt orto auto,auto_nick,(testing)
Acre,Q1793334,AM,boca.acre,alt orto auto,auto_nick,(testing)
Açúcar,Q2027100,AL,pao.acucar,alt orto auto,auto_nick,(testing)
Adélia,Q1760559,SP,santa.adelia,alt orto auto,auto_nick,(testing)
Afogados,Q1761348,PE,afogados.ingazeira,alt orto auto,auto_nick,(testing)
Agostinho,Q1637538,PE,cabo.santo.agostinho,alt orto auto,auto_nick,(testing)
Aguapeí,Q1760320,SP,santopolis.aguapei,alt orto auto,auto_nick,(testing)
Agudos,Q398170,PR,agudos.sul,alt orto auto,auto_nick,(testing)
Águia,Q1982827,ES,aguia.branca,alt orto auto,auto_nick,(testing)
Aguiar,Q630661,RS,dilermando.aguiar,alt orto auto,auto_nick,(testing)
Aimorés,Q24263545,MG,serra.aimores,alt orto auto,auto_nick,(testing)
Airão,Q1750332,AM,novo.airao,alt orto auto,auto_nick,(testing)
Aires,Q2101554,PE,buenos.aires,alt orto auto,auto_nick,(testing)
Aires,Q983517,RS,venancio.aires,alt orto auto,auto_nick,(testing)
Ajuru,Q2008564,PA,limoeiro.ajuru,alt orto auto,auto_nick,(testing)
Alagoas,Q1795573,AL,estrela.alagoas,alt orto auto,auto_nick,(testing)
Alagoas,Q745089,MG,conceicao.alagoas,alt orto auto,auto_nick,(testing)
Albertina,Q1648356,SP,santa.albertina,alt orto auto,auto_nick,(testing)
Aldeia,Q581213,RJ,sao.pedro.aldeia,alt orto auto,auto_nick,(testing)
Aldeias,Q2013348,MA,aldeias.altas,alt orto auto,auto_nick,(testing)
Alegrete,Q633346,PI,alegrete.piaui,alt orto auto,auto_nick,(testing)
Aleixo,Q2089289,SE,sao.miguel.aleixo,alt orto auto,auto_nick,(testing)
Além,Q1756032,MG,alem.paraiba,alt orto auto,auto_nick,(testing)
Alexandre,Q928887,BA,pedro.alexandre,alt orto auto,auto_nick,(testing)
Alexandre,Q1904786,MA,senador.alexandre.costa,alt orto auto,auto_nick,(testing)
Alferes,Q955927,RJ,paty.alferes,alt orto auto,auto_nick,(testing)
Algodão,Q1759357,PB,algodao.jandaira,alt orto auto,auto_nick,(testing)
Almino,Q1802697,RN,almino.afonso,alt orto auto,auto_nick,(testing)
Almirante,Q1650078,PR,almirante.tamandare,alt orto auto,auto_nick,(testing)
Almirante,Q957758,RS,almirante.tamandare.sul,alt orto auto,auto_nick,(testing)
Álvaro,Q1749940,SP,alvaro.carvalho,alt orto auto,auto_nick,(testing)
Amapá,Q2013296,MA,amapa.maranhao,alt orto auto,auto_nick,(testing)
Amapari,Q1772647,AP,pedra.branca.amapari,alt orto auto,auto_nick,(testing)
Amaral,Q1788677,MG,senador.amaral,alt orto auto,auto_nick,(testing)
Amaral,Q33955,RS,amaral.ferrador,alt orto auto,auto_nick,(testing)
Amazonas,Q2005152,PR,porto.amazonas,alt orto auto,auto_nick,(testing)
Amélia,Q654725,BA,amelia.rodrigues,alt orto auto,auto_nick,(testing)
Amélia,Q2007640,PR,santa.amelia,alt orto auto,auto_nick,(testing)
Americano,Q467478,GO,americano.brasil,alt orto auto,auto_nick,(testing)
Ametista,Q33945,RS,ametista.sul,alt orto auto,auto_nick,(testing)
Amoreira,Q2007441,PR,sao.sebastiao.amoreira,alt orto auto,auto_nick,(testing)
Anadia,Q961349,AL,limoeiro.anadia,alt orto auto,auto_nick,(testing)
Ananias,Q1802650,RN,tenente.ananias,alt orto auto,auto_nick,(testing)
Anari,Q1807445,RO,vale.anari,alt orto auto,auto_nick,(testing)
Anastácio,Q1800625,SP,santo.anastacio,alt orto auto,auto_nick,(testing)
Andrade,Q1791913,MG,capitao.andrade,alt orto auto,auto_nick,(testing)
Andradina,Q746291,MS,nova.andradina,alt orto auto,auto_nick,(testing)
Andreazza,Q775204,RO,ministro.andreazza,alt orto auto,auto_nick,(testing)
Ângelo,Q824031,RS,santo.angelo,alt orto auto,auto_nick,(testing)
Angical,Q1892127,PI,angical.piaui,alt orto auto,auto_nick,(testing)
Angicos,Q1788386,RN,jardim.angicos,alt orto auto,auto_nick,(testing)
Angra,Q542829,RJ,angra.reis,alt orto auto,auto_nick,(testing)
Anísio,Q1938748,PI,anisio.abreu,alt orto auto,auto_nick,(testing)
Anita,Q617657,SC,anita.garibaldi,alt orto auto,auto_nick,(testing)
Antão,Q985685,PE,vitoria.santo.antao,alt orto auto,auto_nick,(testing)
Aprazível,Q1648289,SP,monte.aprazivel,alt orto auto,auto_nick,(testing)
Aquino,Q1788424,MG,sao.tomas.aquino,alt orto auto,auto_nick,(testing)
Aquino,Q528293,MT,dom.aquino,alt orto auto,auto_nick,(testing)
Araçá,Q1757678,RS,nova.araca,alt orto auto,auto_nick,(testing)
Aracanguá,Q1658515,SP,santo.antonio.aracangua,alt orto auto,auto_nick,(testing)
Araçoiaba,Q1754621,SP,aracoiaba.serra,alt orto auto,auto_nick,(testing)
Aral,Q1806317,MS,aral.moreira,alt orto auto,auto_nick,(testing)
Aranha,Q2082297,MA,graca.aranha,alt orto auto,auto_nick,(testing)
Arcado,Q1793323,BA,pilao.arcado,alt orto auto,auto_nick,(testing)
Arcanjo,Q1808286,SP,sao.miguel.arcanjo,alt orto auto,auto_nick,(testing)
Archer,Q2012522,MA,governador.archer,alt orto auto,auto_nick,(testing)
Arcoverde,Q2079658,PI,dirceu.arcoverde,alt orto auto,auto_nick,(testing)
Arez,,RN,ares,alt,Wikipedia-pt,
Aripuanã,Q1793549,AM,novo.aripuana,alt orto auto,auto_nick,(testing)
Ariranha,Q958067,PR,ariranha.ivai,alt orto auto,auto_nick,(testing)
Armação,Q680119,RJ,armacao.buzios,alt orto auto,auto_nick,(testing)
Aroeiras,Q2095297,PI,aroeiras.itaim,alt orto auto,auto_nick,(testing)
Arroios,Q1785530,RS,tres.arroios,alt orto auto,auto_nick,(testing)
Artes,Q651860,SP,embu.artes,alt orto auto,auto_nick,(testing)
Artur,Q1754345,SP,artur.nogueira,alt orto auto,auto_nick,(testing)
Assunção,Q2078771,PI,assuncao.piaui,alt orto auto,auto_nick,(testing)
Astolfo,Q1756260,MG,astolfo.dutra,alt orto auto,auto_nick,(testing)
Atilio,Q648890,ES,atilio.vivacqua,alt orto auto,auto_nick,(testing)
Aurelino,Q513600,BA,aurelino.leal,alt orto auto,auto_nick,(testing)
Ausentes,Q984564,RS,sao.jose.ausentes,alt orto auto,auto_nick,(testing)
Aventureiro,Q522097,MG,santo.antonio.aventureiro,alt orto auto,auto_nick,(testing)
Axixá,Q1801670,TO,axixa.tocantins,alt orto auto,auto_nick,(testing)
Ayres,Q1938945,PI,francisco.ayres,alt orto auto,auto_nick,(testing)
Azeitão,Q1977781,MA,sao.domingos.azeitao,alt orto auto,auto_nick,(testing)
Azevedo,Q933251,MT,peixoto.azevedo,alt orto auto,auto_nick,(testing)
Bacamarte,Q2008384,PB,riachao.bacamarte,alt orto auto,auto_nick,(testing)
Bacelar,Q646515,MA,duque.bacelar,alt orto auto,auto_nick,(testing)
Badaró,Q1756240,MG,francisco.badaro,alt orto auto,auto_nick,(testing)
Bady,Q268782,SP,bady.bassitt,alt orto auto,auto_nick,(testing)
Bahia,Q1800628,BA,itaguacu.bahia,alt orto auto,auto_nick,(testing)
Baía,Q978537,PB,baia.traicao,alt orto auto,auto_nick,(testing)
Baía,Q282133,RN,baia.formosa,alt orto auto,auto_nick,(testing)
Baixio,Q1788615,MG,sao.geraldo.baixio,alt orto auto,auto_nick,(testing)
Baliza,Q1646960,RR,sao.joao.baliza,alt orto auto,auto_nick,(testing)
Balsa,Q1804262,PR,balsa.nova,alt orto auto,auto_nick,(testing)
Balsas,Q2065066,MA,sao.felix.balsas,alt orto auto,auto_nick,(testing)
Bananal,Q1806671,ES,rio.bananal,alt orto auto,auto_nick,(testing)
Barata,Q10307483,PA,magalhaes.barata,alt orto auto,auto_nick,(testing)
Baraúnas,Q1800798,PB,areia.baraunas,alt orto auto,auto_nick,(testing)
Barreto,Q2013156,SE,tobias.barreto,alt orto auto,auto_nick,(testing)
Barreto,Q928154,SP,pereira.barreto,alt orto auto,auto_nick,(testing)
Basílio,Q963778,BA,dom.basilio,alt orto auto,auto_nick,(testing)
Basílios,Q1907710,MA,sao.jose.basilios,alt orto auto,auto_nick,(testing)
Bassano,Q985493,RS,nova.bassano,alt orto auto,auto_nick,(testing)
Bassitt,Q268782,SP,bady.bassitt,alt orto auto,auto_nick,(testing)
Batistas,Q1786689,RN,timbauba.batistas,alt orto auto,auto_nick,(testing)
Belas,Q2013722,PE,aguas.belas,alt orto auto,auto_nick,(testing)
Belford,Q737636,RJ,belford.roxo,alt orto auto,auto_nick,(testing)
Bello,Q2068907,MA,governador.newton.bello,alt orto auto,auto_nick,(testing)
Belmiro,Q1793075,MG,belmiro.braga,alt orto auto,auto_nick,(testing)
Benjamin,Q1767926,AM,benjamin.constant,alt orto auto,auto_nick,(testing)
Benjamin,Q1786627,RS,benjamin.constant.sul,alt orto auto,auto_nick,(testing)
Bentinho,Q2009398,PB,sao.bentinho,alt orto auto,auto_nick,(testing)
Bernardes,Q1804762,MG,presidente.bernardes,alt orto auto,auto_nick,(testing)
Bernardes,Q1816203,SP,presidente.bernardes,alt orto auto,auto_nick,(testing)
Betânia,Q2064331,PI,betania.piaui,alt orto auto,auto_nick,(testing)
Bezerra,Q1947813,MA,sao.raimundo.doca.bezerra,alt orto auto,auto_nick,(testing)
Bezerra,Q1788960,RN,afonso.bezerra,alt orto auto,auto_nick,(testing)
Bias,Q950047,MG,bias.fortes,alt orto auto,auto_nick,(testing)
Bicaco,Q600830,RS,coronel.bicaco,alt orto auto,auto_nick,(testing)
Bicas,Q666247,MG,sao.joaquim.bicas,alt orto auto,auto_nick,(testing)
Boca,Q1772672,AL,boca.mata,alt orto auto,auto_nick,(testing)
Boca,Q1793334,AM,boca.acre,alt orto auto,auto_nick,(testing)
Bocaiúva,Q1805304,PR,bocaiuva.sul,alt orto auto,auto_nick,(testing)
Bois,Q2078302,SE,malhada.bois,alt orto auto,auto_nick,(testing)
Bois,Q580856,TO,rio.bois,alt orto auto,auto_nick,(testing)
Boiteux,Q1784463,SC,jose.boiteux,alt orto auto,auto_nick,(testing)
Bonfinópolis,Q1792291,MG,bonfinopolis.minas,alt orto auto,auto_nick,(testing)
Bonifácio,Q1784638,SC,sao.bonifacio,alt orto auto,auto_nick,(testing)
Bonifácio,Q595976,SP,jose.bonifacio,alt orto auto,auto_nick,(testing)
Bons,Q2066090,MA,pastos.bons,alt orto auto,auto_nick,(testing)
Borba,Q391843,PR,telemaco.borba,alt orto auto,auto_nick,(testing)
Borda,Q1792820,MG,borda.mata,alt orto auto,auto_nick,(testing)
Borja,Q385327,RS,sao.borja,alt orto auto,auto_nick,(testing)
Bosco,Q985964,MG,dom.bosco,alt orto auto,auto_nick,(testing)
Braga,Q1793075,MG,belmiro.braga,alt orto auto,auto_nick,(testing)
Bragado,Q1803627,PR,pato.bragado,alt orto auto,auto_nick,(testing)
Bragança,Q897232,SP,braganca.paulista,alt orto auto,auto_nick,(testing)
Brasília,Q1799538,MG,brasilia.minas,alt orto auto,auto_nick,(testing)
Brasiliense,Q376503,SP,americo.brasiliense,alt orto auto,auto_nick,(testing)
Brasópolis,,MG,brazopolis,alt orto moderna,Wikipedia-pt,
Brava,Q3136609,SC,pescaria.brava,alt orto auto,auto_nick,(testing)
Bravo,Q2013234,MA,buriti.bravo,alt orto auto,auto_nick,(testing)
Bravo,Q674753,PB,gado.bravo,alt orto auto,auto_nick,(testing)
Brejão,Q2012495,MA,sao.francisco.brejao,alt orto auto,auto_nick,(testing)
Brejinhos,Q1795068,BA,oliveira.brejinhos,alt orto auto,auto_nick,(testing)
Bréscia,Q1758820,RS,nova.brescia,alt orto auto,auto_nick,(testing)
Bressane,Q1759798,SP,oscar.bressane,alt orto auto,auto_nick,(testing)
Breu,Q2008139,PA,breu.branco,alt orto auto,auto_nick,(testing)
Brígida,Q1808347,BA,santa.brigida,alt orto auto,auto_nick,(testing)
Brilhante,Q1793219,MS,rio.brilhante,alt orto auto,auto_nick,(testing)
Brito,Q2021026,CE,farias.brito,alt orto auto,auto_nick,(testing)
Brito,Q1801972,SE,campo.brito,alt orto auto,auto_nick,(testing)
Bueno,Q1792008,MG,bueno.brandao,alt orto auto,auto_nick,(testing)
Bueno,Q1803175,RO,pimenta.bueno,alt orto auto,auto_nick,(testing)
Buenos,Q2101554,PE,buenos.aires,alt orto auto,auto_nick,(testing)
Bugre,Q1758290,RS,lajeado.bugre,alt orto auto,auto_nick,(testing)
Bugres,Q1805676,MT,barra.bugres,alt orto auto,auto_nick,(testing)
Bulhões,Q383756,GO,leopoldo.bulhoes,alt orto auto,auto_nick,(testing)
Buricá,Q1786675,RS,boa.vista.burica,alt orto auto,auto_nick,(testing)
Butiá,Q1758141,RS,sao.pedro.butia,alt orto auto,auto_nick,(testing)
Búzios,Q680119,RJ,armacao.buzios,alt orto auto,auto_nick,(testing)
Cabaçal,Q938084,MT,reserva.cabacal,alt orto auto,auto_nick,(testing)
Cabaceiras,Q980565,BA,cabaceiras.paraguacu,alt orto auto,auto_nick,(testing)
Cabeça,Q2098784,PI,morro.cabeca.no.tempo,alt orto auto,auto_nick,(testing)
Cabeceira,Q1756530,MG,cabeceira.grande,alt orto auto,auto_nick,(testing)
Cabeceiras,Q1938976,PI,cabeceiras.piaui,alt orto auto,auto_nick,(testing)
Cabrais,Q1758800,RS,novo.cabrais,alt orto auto,auto_nick,(testing)
Cabrália,Q993466,BA,santa.cruz.cabralia,alt orto auto,auto_nick,(testing)
Cabrália,Q268806,SP,cabralia.paulista,alt orto auto,auto_nick,(testing)
Caçapava,Q1749869,RS,cacapava.sul,alt orto auto,auto_nick,(testing)
Cachoeiras,Q1983181,RJ,cachoeiras.macacu,alt orto auto,auto_nick,(testing)
Cachoeiras,Q1750024,RS,tres.cachoeiras,alt orto auto,auto_nick,(testing)
Cachoeiro,Q1439193,ES,cachoeiro.itapemirim,alt orto auto,auto_nick,(testing)
Cacique,Q1786666,RS,cacique.doble,alt orto auto,auto_nick,(testing)
Cadeado,Q2007792,RS,boa.vista.cadeado,alt orto auto,auto_nick,(testing)
Caetano,Q632789,PA,sao.caetano.odivelas,alt orto auto,auto_nick,(testing)
Caetano,Q967648,SP,sao.caetano.sul,alt orto auto,auto_nick,(testing)
Café,Q958545,RS,picada.cafe,alt orto auto,auto_nick,(testing)
Cafezal,Q2003753,PR,cafezal.sul,alt orto auto,auto_nick,(testing)
Caí,Q1750236,RS,sao.sebastiao.cai,alt orto auto,auto_nick,(testing)
Caiada,Q2298053,RN,serra.caiada,alt orto auto,auto_nick,(testing)
Caiana,Q2010404,PB,sao.jose.caiana,alt orto auto,auto_nick,(testing)
Caitano,Q777635,PE,sao.caitano,alt orto auto,auto_nick,(testing)
Cajazeiras,Q2064526,PI,cajazeiras.piaui,alt orto auto,auto_nick,(testing)
Cajueiro,Q2064154,PI,cajueiro.praia,alt orto auto,auto_nick,(testing)
Cajuru,Q2007691,MG,carmo.cajuru,alt orto auto,auto_nick,(testing)
Calçado,Q1806727,ES,sao.jose.calcado,alt orto auto,auto_nick,(testing)
Caldeirão,Q283971,BA,caldeirao.grande,alt orto auto,auto_nick,(testing)
Caldeirão,Q2064592,PI,caldeirao.grande.piaui,alt orto auto,auto_nick,(testing)
Calmon,Q1793651,BA,miguel.calmon,alt orto auto,auto_nick,(testing)
Calvo,Q1772636,AL,porto.calvo,alt orto auto,auto_nick,(testing)
Camargo,Q1773318,PR,doutor.camargo,alt orto auto,auto_nick,(testing)
Cambará,Q612092,RS,cambara.sul,alt orto auto,auto_nick,(testing)
Camboriú,Q598016,SC,balneario.camboriu,alt orto auto,auto_nick,(testing)
Cambucá,Q2013573,PE,santa.maria.cambuca,alt orto auto,auto_nick,(testing)
Camocim,Q1811052,PE,camocim.sao.felix,alt orto auto,auto_nick,(testing)
Cana,Q1756972,MG,cana.verde,alt orto auto,auto_nick,(testing)
Canabarro,Q612650,RS,david.canabarro,alt orto auto,auto_nick,(testing)
Canabrava,Q1805653,MT,canabrava.norte,alt orto auto,auto_nick,(testing)
Canabrava,Q2064374,PI,sao.joao.canabrava,alt orto auto,auto_nick,(testing)
Canário,Q549543,ES,pedro.canario,alt orto auto,auto_nick,(testing)
Candelária,Q734270,RS,nova.candelaria,alt orto auto,auto_nick,(testing)
Canedo,Q985503,GO,senador.canedo,alt orto auto,auto_nick,(testing)
Canoa,Q1795976,AL,lagoa.canoa,alt orto auto,auto_nick,(testing)
Canoa,Q958607,RS,capao.canoa,alt orto auto,auto_nick,(testing)
Canto,Q2079682,PI,canto.buriti,alt orto auto,auto_nick,(testing)
Cantos,Q586905,RS,lagoa.tres.cantos,alt orto auto,auto_nick,(testing)
Cantu,Q2004555,PR,nova.cantu,alt orto auto,auto_nick,(testing)
Canudos,Q645413,RS,canudos.vale,alt orto auto,auto_nick,(testing)
Caparaó,Q118945,MG,alto.caparao,alt orto auto,auto_nick,(testing)
Capibaribe,Q2082237,PE,santa.cruz.capibaribe,alt orto auto,auto_nick,(testing)
Capinzal,Q2068268,MA,capinzal.norte,alt orto auto,auto_nick,(testing)
Capões,Q985572,RS,muitos.capoes,alt orto auto,auto_nick,(testing)
Carapã,Q384939,MS,laguna.carapa,alt orto auto,auto_nick,(testing)
Caratinga,Q1780206,MG,piedade.caratinga,alt orto auto,auto_nick,(testing)
Cardeal,Q1761958,BA,cardeal.silva,alt orto auto,auto_nick,(testing)
Careiro,Q1807045,AM,careiro.varzea,alt orto auto,auto_nick,(testing)
Caridade,Q2064398,PI,caridade.piaui,alt orto auto,auto_nick,(testing)
Carlo,Q1815693,SC,monte.carlo,alt orto auto,auto_nick,(testing)
Carmelo,Q1877935,MG,monte.carmelo,alt orto auto,auto_nick,(testing)
Carmem,Q1805671,MT,santa.carmem,alt orto auto,auto_nick,(testing)
Carmópolis,Q988774,MG,carmopolis.minas,alt orto auto,auto_nick,(testing)
Carnaúba,Q1787511,RN,carnauba.dantas,alt orto auto,auto_nick,(testing)
Carnaubeira,Q682035,PE,carnaubeira.penha,alt orto auto,auto_nick,(testing)
Caroba,Q1804834,PR,bela.vista.caroba,alt orto auto,auto_nick,(testing)
Carrasco,Q1801716,TO,carrasco.bonito,alt orto auto,auto_nick,(testing)
Carro,Q2010890,PE,lagoa.carro,alt orto auto,auto_nick,(testing)
Carú,Q742676,MA,sao.joao.caru,alt orto auto,auto_nick,(testing)
Carvalho,Q596318,MG,padre.carvalho,alt orto auto,auto_nick,(testing)
Carvalho,Q1749940,SP,alvaro.carvalho,alt orto auto,auto_nick,(testing)
Casado,Q1808294,AL,olho.d.agua.casado,alt orto auto,auto_nick,(testing)
Casca,Q1789345,MG,rio.casca,alt orto auto,auto_nick,(testing)
Cascalheira,Q1805821,MT,ribeirao.cascalheira,alt orto auto,auto_nick,(testing)
Cascalho,Q1792827,MG,cascalho.rico,alt orto auto,auto_nick,(testing)
Casimiro,Q1761688,RJ,casimiro.abreu,alt orto auto,auto_nick,(testing)
Cassal,Q1786797,RS,barros.cassal,alt orto auto,auto_nick,(testing)
Castelhano,Q1784286,RS,mato.castelhano,alt orto auto,auto_nick,(testing)
Castello,Q1815669,SC,presidente.castello.branco,alt orto auto,auto_nick,(testing)
Castilho,Q282667,SP,nova.castilho,alt orto auto,auto_nick,(testing)
Castilhos,Q1754330,RS,julio.castilhos,alt orto auto,auto_nick,(testing)
Cataguases,Q1789181,MG,santana.cataguases,alt orto auto,auto_nick,(testing)
Catete,Q2013205,SE,rosario.catete,alt orto auto,auto_nick,(testing)
Catolé,Q1808697,PB,catole.rocha,alt orto auto,auto_nick,(testing)
Cavalos,Q1897689,PB,riacho.cavalos,alt orto auto,auto_nick,(testing)
Cavati,Q1755986,MG,dom.cavati,alt orto auto,auto_nick,(testing)
Caxambu,Q1758980,SC,caxambu.sul,alt orto auto,auto_nick,(testing)
Ceará,Q2021075,CE,vicosa.ceara,alt orto auto,auto_nick,(testing)
Cedros,Q1784005,SC,rio.cedros,alt orto auto,auto_nick,(testing)
Cerqueira,Q1757773,SC,dionisio.cerqueira,alt orto auto,auto_nick,(testing)
Cerqueira,Q1750093,SP,cerqueira.cesar,alt orto auto,auto_nick,(testing)
Cerrito,Q1764954,SC,sao.jose.cerrito,alt orto auto,auto_nick,(testing)
César,Q1750093,SP,cerqueira.cesar,alt orto auto,auto_nick,(testing)
Cesário,Q593009,SP,cesario.lange,alt orto auto,auto_nick,(testing)
Chagas,Q1650857,MG,carlos.chagas,alt orto auto,auto_nick,(testing)
Chapecó,Q1750761,SC,aguas.chapeco,alt orto auto,auto_nick,(testing)
Chateaubriand,Q383890,PR,assis.chateaubriand,alt orto auto,auto_nick,(testing)
Chique,Q1789626,MG,ponto.chique,alt orto auto,auto_nick,(testing)
Choça,Q1761997,BA,barra.choca,alt orto auto,auto_nick,(testing)
Cícero,Q1761858,BA,cicero.dantas,alt orto auto,auto_nick,(testing)
Cidade,Q988896,GO,cidade.ocidental,alt orto auto,auto_nick,(testing)
Cidade,Q2003747,PR,cidade.gaucha,alt orto auto,auto_nick,(testing)
Cima,Q1808490,PB,curral.cima,alt orto auto,auto_nick,(testing)
Cipa,Q1805550,MT,sao.pedro.cipa,alt orto auto,auto_nick,(testing)
Cipó,Q1803147,RS,capao.cipo,alt orto auto,auto_nick,(testing)
Claros,Q1003396,GO,montes.claros.goias,alt orto auto,auto_nick,(testing)
Claros,Q651906,MG,montes.claros,alt orto auto,auto_nick,(testing)
Claudino,Q2098422,PB,joca.claudino,alt orto auto,auto_nick,(testing)
Cláudio,Q1793672,ES,afonso.claudio,alt orto auto,auto_nick,(testing)
Cocais,Q770910,MG,barao.cocais,alt orto auto,auto_nick,(testing)
Cocalzinho,Q991134,GO,cocalzinho.goias,alt orto auto,auto_nick,(testing)
Coité,Q1816142,AL,coite.noia,alt orto auto,auto_nick,(testing)
Coité,Q1772525,BA,conceicao.coite,alt orto auto,auto_nick,(testing)
Colégio,Q1772685,AL,porto.real.colegio,alt orto auto,auto_nick,(testing)
Colina,Q2007583,PR,nova.america.colina,alt orto auto,auto_nick,(testing)
Collor,Q1648535,RS,lindolfo.collor,alt orto auto,auto_nick,(testing)
Comendador,Q1756070,MG,comendador.gomes,alt orto auto,auto_nick,(testing)
Comendador,Q684387,RJ,comendador.levy.gasparian,alt orto auto,auto_nick,(testing)
Comprida,Q1756079,MG,agua.comprida,alt orto auto,auto_nick,(testing)
Comprida,Q1645056,SP,ilha.comprida,alt orto auto,auto_nick,(testing)
Concórdia,Q2008125,PA,concordia.para,alt orto auto,auto_nick,(testing)
Cônego,Q1792069,MG,conego.marinho,alt orto auto,auto_nick,(testing)
Confusão,Q1801577,TO,lagoa.confusao,alt orto auto,auto_nick,(testing)
Congonhas,Q1792271,MG,congonhas.norte,alt orto auto,auto_nick,(testing)
Conselho,Q568749,PE,bom.conselho,alt orto auto,auto_nick,(testing)
Constant,Q1767926,AM,benjamin.constant,alt orto auto,auto_nick,(testing)
Constant,Q1786627,RS,benjamin.constant.sul,alt orto auto,auto_nick,(testing)
Contas,Q5244330,BA,rio.contas,alt orto auto,auto_nick,(testing)
Contendas,Q1796433,BA,contendas.sincora,alt orto auto,auto_nick,(testing)
Coqueiro,Q1816094,AL,coqueiro.seco,alt orto auto,auto_nick,(testing)
Coqueiro,Q1785829,RS,coqueiro.baixo,alt orto auto,auto_nick,(testing)
Corá,Q1802687,RN,cerro.cora,alt orto auto,auto_nick,(testing)
Coração,Q1762086,BA,coracao.maria,alt orto auto,auto_nick,(testing)
Coração,Q1779901,MG,coracao.jesus,alt orto auto,auto_nick,(testing)
Corações,Q1439211,MG,tres.coracoes,alt orto auto,auto_nick,(testing)
Corda,Q1807301,MA,barra.corda,alt orto auto,auto_nick,(testing)
Cordeiros,Q2008760,PB,sao.jose.cordeiros,alt orto auto,auto_nick,(testing)
Cordilheira,Q1758999,SC,cordilheira.alta,alt orto auto,auto_nick,(testing)
Coribe,Q1794977,BA,sao.felix.coribe,alt orto auto,auto_nick,(testing)
Cornélio,Q2007572,PR,cornelio.procopio,alt orto auto,auto_nick,(testing)
Coroa,Q573729,PE,sao.jose.coroa.grande,alt orto auto,auto_nick,(testing)
Coroas,Q984552,RS,tres.coroas,alt orto auto,auto_nick,(testing)
Córregos,Q685613,SP,dois.corregos,alt orto auto,auto_nick,(testing)
Correia,Q2064046,PI,luis.correia,alt orto auto,auto_nick,(testing)
Correia,Q1764914,SC,correia.pinto,alt orto auto,auto_nick,(testing)
Corrente,Q682868,SP,ribeirao.corrente,alt orto auto,auto_nick,(testing)
Cortes,Q1789116,MG,senador.cortes,alt orto auto,auto_nick,(testing)
Corumbá,Q985975,GO,corumba.goias,alt orto auto,auto_nick,(testing)
Corumbataí,Q1803915,PR,corumbatai.sul,alt orto auto,auto_nick,(testing)
Cotegipe,Q1786792,RS,barao.cotegipe,alt orto auto,auto_nick,(testing)
Coutinho,Q1795742,BA,lafaiete.coutinho,alt orto auto,auto_nick,(testing)
Couto,Q1792861,MG,couto.magalhaes.minas,alt orto auto,auto_nick,(testing)
Couto,Q672837,TO,couto.magalhaes,alt orto auto,auto_nick,(testing)
Crentes,Q693685,MA,sao.pedro.crentes,alt orto auto,auto_nick,(testing)
Crespo,Q1786495,RO,rio.crespo,alt orto auto,auto_nick,(testing)
Cristais,Q1759841,SP,cristais.paulista,alt orto auto,auto_nick,(testing)
Cristal,Q1784929,RS,cristal.sul,alt orto auto,auto_nick,(testing)
Cristalândia,Q1122557,PI,cristalandia.piaui,alt orto auto,auto_nick,(testing)
Cristiano,Q1793189,MG,cristiano.otoni,alt orto auto,auto_nick,(testing)
Cristino,Q1940564,PI,cristino.castro,alt orto auto,auto_nick,(testing)
Cristo,Q988779,RS,santo.cristo,alt orto auto,auto_nick,(testing)
Cristovão,Q639952,SC,sao.cristovao.sul,alt orto auto,auto_nick,(testing)
Cristóvão,Q839003,SE,sao.cristovao,alt orto auto,auto_nick,(testing)
Cruzes,Q194332,SP,mogi.cruzes,alt orto auto,auto_nick,(testing)
Cuité,Q977785,PB,cuite.mamanguape,alt orto auto,auto_nick,(testing)
Cumaru,Q2008271,PA,cumaru.norte,alt orto auto,auto_nick,(testing)
Cunhãs,Q2066100,MA,olho.d.agua.cunhas,alt orto auto,auto_nick,(testing)
Currais,Q1759405,RN,currais.novos,alt orto auto,auto_nick,(testing)
Curu,Q2039586,CE,sao.luis.curu,alt orto auto,auto_nick,(testing)
d'Abadia,Q1806986,GO,sitio.d.abadia,alt orto auto,auto_nick,(testing)
D'Água,Q1940465,PI,olho.d.agua.piaui,alt orto auto,auto_nick,(testing)
d'Ajuda,Q1807361,SE,itaporanga.d.ajuda,alt orto auto,auto_nick,(testing)
D'Alcântara,Q1938757,PI,barra.d.alcantara,alt orto auto,auto_nick,(testing)
d'Alho,Q1760232,SP,sao.joao.pau.d.alho,alt orto auto,auto_nick,(testing)
d'Aliança,Q989515,GO,sao.joao.d.alianca,alt orto auto,auto_nick,(testing)
d'Anta,Q1802281,RN,lagoa.d.anta,alt orto auto,auto_nick,(testing)
d'Arca,Q1772722,AL,tanque.d.arca,alt orto auto,auto_nick,(testing)
d'Ávila,Q1761912,BA,dias.d.avila,alt orto auto,auto_nick,(testing)
Dalva,Q1790684,MG,estrela.dalva,alt orto auto,auto_nick,(testing)
Danta,Q1756093,MG,corrego.danta,alt orto auto,auto_nick,(testing)
Dário,Q776188,BA,dario.meira,alt orto auto,auto_nick,(testing)
David,Q612650,RS,david.canabarro,alt orto auto,auto_nick,(testing)
del,Q740965,MG,sao.joao.del.rei,alt orto auto,auto_nick,(testing)
Delfim,Q1780238,MG,delfim.moreira,alt orto auto,auto_nick,(testing)
Delmiro,Q1808849,AL,delmiro.gouveia,alt orto auto,auto_nick,(testing)
Demerval,Q1851653,PI,demerval.lobao,alt orto auto,auto_nick,(testing)
Deodoro,Q985275,AL,marechal.deodoro,alt orto auto,auto_nick,(testing)
Deputado,Q2027304,CE,deputado.irapuan.pinheiro,alt orto auto,auto_nick,(testing)
Descoberto,Q986751,GO,santo.antonio.descoberto,alt orto auto,auto_nick,(testing)
Deserto,Q649495,AL,feliz.deserto,alt orto auto,auto_nick,(testing)
Deserto,Q1789205,MG,santana.deserto,alt orto auto,auto_nick,(testing)
Desidério,Q1761582,BA,sao.desiderio,alt orto auto,auto_nick,(testing)
Despacho,Q891713,MG,bom.despacho,alt orto auto,auto_nick,(testing)
Destino,Q1805741,GO,santa.rita.novo.destino,alt orto auto,auto_nick,(testing)
Dezesseis,Q1784407,RS,dezesseis.novembro,alt orto auto,auto_nick,(testing)
Dilermando,Q630661,RS,dilermando.aguiar,alt orto auto,auto_nick,(testing)
Diogo,Q2296402,MG,diogo.vasconcelos,alt orto auto,auto_nick,(testing)
Dionísio,Q1757773,SC,dionisio.cerqueira,alt orto auto,auto_nick,(testing)
Dirce,Q533932,SP,dirce.reis,alt orto auto,auto_nick,(testing)
Dirceu,Q2079658,PI,dirceu.arcoverde,alt orto auto,auto_nick,(testing)
Divina,Q1802021,SE,divina.pastora,alt orto auto,auto_nick,(testing)
Divinolândia,Q1791876,MG,divinolandia.minas,alt orto auto,auto_nick,(testing)
Dix-Sept,Q1787040,RN,governador.dix.sept.rosado,alt orto auto,auto_nick,(testing)
Doble,Q1786666,RS,cacique.doble,alt orto auto,auto_nick,(testing)
Domingues,Q2068240,MA,luis.domingues,alt orto auto,auto_nick,(testing)
Duarte,Q1754844,MG,lima.duarte,alt orto auto,auto_nick,(testing)
Duque,Q646515,MA,duque.bacelar,alt orto auto,auto_nick,(testing)
Duque,Q712089,RJ,duque.caxias,alt orto auto,auto_nick,(testing)
Duro,Q2064159,PI,barro.duro,alt orto auto,auto_nick,(testing)
Edison,Q2012559,MA,governador.edison.lobao,alt orto auto,auto_nick,(testing)
Eduardo,Q1808537,BA,luis.eduardo.magalhaes,alt orto auto,auto_nick,(testing)
Efigênia,Q1789393,MG,santa.efigenia.minas,alt orto auto,auto_nick,(testing)
Egito,Q1911145,PE,sao.jose.egito,alt orto auto,auto_nick,(testing)
Elesbão,Q2078352,PI,elesbao.veloso,alt orto auto,auto_nick,(testing)
Elias,Q1750262,SP,elias.fausto,alt orto auto,auto_nick,(testing)
Eliseu,Q2008541,PA,dom.eliseu,alt orto auto,auto_nick,(testing)
Eliseu,Q2064194,PI,eliseu.martins,alt orto auto,auto_nick,(testing)
Elísio,Q1772552,BA,elisio.medrado,alt orto auto,auto_nick,(testing)
Elói,Q939717,MG,eloi.mendes,alt orto auto,auto_nick,(testing)
Elói,Q1786778,RN,senador.eloi.souza,alt orto auto,auto_nick,(testing)
Embu,Q651860,SP,embu.artes,alt orto auto,auto_nick,(testing)
Emídio,Q2064262,PI,manoel.emidio,alt orto auto,auto_nick,(testing)
Emma,Q986564,SC,dona.emma,alt orto auto,auto_nick,(testing)
Encruzilhada,Q600808,RS,encruzilhada.sul,alt orto auto,auto_nick,(testing)
Enéas,Q1791743,MG,capitao.eneas,alt orto auto,auto_nick,(testing)
Enéas,Q1804240,PR,eneas.marques,alt orto auto,auto_nick,(testing)
Engenho,Q1786448,RS,engenho.velho,alt orto auto,auto_nick,(testing)
Epitácio,Q983495,SP,presidente.epitacio,alt orto auto,auto_nick,(testing)
Era,Q1789722,MG,nova.era,alt orto auto,auto_nick,(testing)
Erê,Q1757768,SC,campo.ere,alt orto auto,auto_nick,(testing)
Erechim,Q955577,SC,nova.erechim,alt orto auto,auto_nick,(testing)
Érico,Q1793641,BA,erico.cardoso,alt orto auto,auto_nick,(testing)
Ernestina,Q1760235,SP,santa.ernestina,alt orto auto,auto_nick,(testing)
Escalvado,Q1124627,MG,santa.cruz.escalvado,alt orto auto,auto_nick,(testing)
Espanha,Q1754689,MG,mar.espanha,alt orto auto,auto_nick,(testing)
Esperidião,Q2012385,MT,porto.esperidiao,alt orto auto,auto_nick,(testing)
Espigão,Q1803585,PR,espigao.alto.iguacu,alt orto auto,auto_nick,(testing)
Espigão,Q616498,RO,espigao.d.oeste,alt orto auto,auto_nick,(testing)
Espinharas,Q2010579,PB,sao.jose.espinharas,alt orto auto,auto_nick,(testing)
Estância,Q985499,RS,estancia.velha,alt orto auto,auto_nick,(testing)
Estêvão,Q1794190,BA,santo.estevao,alt orto auto,auto_nick,(testing)
Estradas,Q2006072,PB,duas.estradas,alt orto auto,auto_nick,(testing)
Euclides,Q2013802,BA,euclides.cunha,alt orto auto,auto_nick,(testing)
Euclides,Q1760977,SP,euclides.cunha.paulista,alt orto auto,auto_nick,(testing)
Eugênio,Q2068814,MA,governador.eugenio.barros,alt orto auto,auto_nick,(testing)
Eugênio,Q1784295,RS,eugenio.castro,alt orto auto,auto_nick,(testing)
Europa,Q1761695,SP,nova.europa,alt orto auto,auto_nick,(testing)
Eusébia,Q1756805,MG,dona.eusebia,alt orto auto,auto_nick,(testing)
Eva,Q1793560,AM,rio.preto.eva,alt orto auto,auto_nick,(testing)
Evangelista,Q1805400,MG,sao.joao.evangelista,alt orto auto,auto_nick,(testing)
Ewbank,Q1790705,MG,ewbank.camara,alt orto auto,auto_nick,(testing)
Ezequiel,Q1802414,RN,coronel.ezequiel,alt orto auto,auto_nick,(testing)
Fabriciano,Q80004,MG,coronel.fabriciano,alt orto auto,auto_nick,(testing)
Fagundes,Q1786383,RS,fagundes.varela,alt orto auto,auto_nick,(testing)
Falcão,Q2068889,MA,fernando.falcao,alt orto auto,auto_nick,(testing)
Família,Q2007720,RS,sagrada.familia,alt orto auto,auto_nick,(testing)
Faria,Q1791395,MG,faria.lemos,alt orto auto,auto_nick,(testing)
Faria,Q1648123,SP,paulo.faria,alt orto auto,auto_nick,(testing)
Farias,Q2021026,CE,farias.brito,alt orto auto,auto_nick,(testing)
Fartura,Q1936286,PI,fartura.piaui,alt orto auto,auto_nick,(testing)
Fausto,Q1750262,SP,elias.fausto,alt orto auto,auto_nick,(testing)
Feijó,Q1760843,SP,regente.feijo,alt orto auto,auto_nick,(testing)
Feliciano,Q1750443,RS,dom.feliciano,alt orto auto,auto_nick,(testing)
Ferrador,Q33955,RS,amaral.ferrador,alt orto auto,auto_nick,(testing)
Ferrer,Q2095193,MA,sao.vicente.ferrer,alt orto auto,auto_nick,(testing)
Ferrer,Q2097693,PE,sao.vicente.ferrer,alt orto auto,auto_nick,(testing)
Fica,Q772851,RN,passa.fica,alt orto auto,auto_nick,(testing)
Fidélis,Q1787793,RJ,sao.fidelis,alt orto auto,auto_nick,(testing)
Figueiredo,Q655097,AM,presidente.figueiredo,alt orto auto,auto_nick,(testing)
Figueiredo,Q942803,PA,abel.figueiredo,alt orto auto,auto_nick,(testing)
Figueirópolis,Q2013037,MT,figueiropolis.d.oeste,alt orto auto,auto_nick,(testing)
Fino,Q775319,MG,ouro.fino,alt orto auto,auto_nick,(testing)
Fiquene,Q2012967,MA,ribamar.fiquene,alt orto auto,auto_nick,(testing)
Firme,Q1789579,MG,porto.firme,alt orto auto,auto_nick,(testing)
Firmino,Q1761918,BA,firmino.alves,alt orto auto,auto_nick,(testing)
Firmino,Q1789127,MG,senador.firmino,alt orto auto,auto_nick,(testing)
Flora,Q1761725,SP,flora.rica,alt orto auto,auto_nick,(testing)
Florence,Q1754608,SP,alvares.florence,alt orto auto,auto_nick,(testing)
Flórida,Q1761450,SP,florida.paulista,alt orto auto,auto_nick,(testing)
Florido,Q744740,MG,campo.florido,alt orto auto,auto_nick,(testing)
Fogo,Q2009248,PB,pedras.fogo,alt orto auto,auto_nick,(testing)
Fogo,Q614428,RN,rio.fogo,alt orto auto,auto_nick,(testing)
Folha,Q2014466,SE,porto.folha,alt orto auto,auto_nick,(testing)
Folhas,Q1791121,MG,entre.folhas,alt orto auto,auto_nick,(testing)
Fonte,Q1793768,AM,fonte.boa,alt orto auto,auto_nick,(testing)
Fontoura,Q630520,RS,fontoura.xavier,alt orto auto,auto_nick,(testing)
Fora,Q193019,MG,juiz.fora,alt orto auto,auto_nick,(testing)
Formosas,Q1756605,MG,aguas.formosas,alt orto auto,auto_nick,(testing)
Forquilhas,Q1750233,RS,tres.forquilhas,alt orto auto,auto_nick,(testing)
Fragoso,Q2307499,MA,tasso.fragoso,alt orto auto,auto_nick,(testing)
Francisca,Q1757149,RS,dona.francisca,alt orto auto,auto_nick,(testing)
Franco,Q2082418,MA,porto.franco,alt orto auto,auto_nick,(testing)
Franco,Q657199,SP,franco.rocha,alt orto auto,auto_nick,(testing)
Frederico,Q375650,RS,frederico.westphalen,alt orto auto,auto_nick,(testing)
Fria,Q1762459,BA,agua.fria,alt orto auto,auto_nick,(testing)
Fria,Q249738,GO,agua.fria.goias,alt orto auto,auto_nick,(testing)
Frias,Q1796824,SC,aguas.frias,alt orto auto,auto_nick,(testing)
Friburgo,Q468563,RJ,nova.friburgo,alt orto auto,auto_nick,(testing)
Frio,Q1936273,PI,riacho.frio,alt orto auto,auto_nick,(testing)
Frio,Q735025,RJ,cabo.frio,alt orto auto,auto_nick,(testing)
Fronteiras,Q1750027,SP,tres.fronteiras,alt orto auto,auto_nick,(testing)
Frontin,Q677042,PR,paulo.frontin,alt orto auto,auto_nick,(testing)
Frontin,Q1787607,RJ,engenheiro.paulo.frontin,alt orto auto,auto_nick,(testing)
Fruta,Q1791158,MG,fruta.leite,alt orto auto,auto_nick,(testing)
Frutuoso,Q786174,RN,frutuoso.gomes,alt orto auto,auto_nick,(testing)
Fumaça,Q1758949,SC,morro.fumaca,alt orto auto,auto_nick,(testing)
Funda,Q584762,RS,barra.funda,alt orto auto,auto_nick,(testing)
Gado,Q674753,PB,gado.bravo,alt orto auto,auto_nick,(testing)
Gaivota,Q1757752,SC,balneario.gaivota,alt orto auto,auto_nick,(testing)
Galho,Q891733,MG,bom.jesus.galho,alt orto auto,auto_nick,(testing)
Gama,Q986754,GO,novo.gama,alt orto auto,auto_nick,(testing)
Gameleira,Q301331,GO,gameleira.goias,alt orto auto,auto_nick,(testing)
Gameleiras,Q1802831,RN,monte.gameleiras,alt orto auto,auto_nick,(testing)
Garambéu,Q1755777,MG,santana.garambeu,alt orto auto,auto_nick,(testing)
Garça,Q1754851,MG,morro.garca,alt orto auto,auto_nick,(testing)
Garibaldi,Q617657,SC,anita.garibaldi,alt orto auto,auto_nick,(testing)
Garrafão,Q2008750,PA,garrafao.norte,alt orto auto,auto_nick,(testing)
Garrotes,Q2009875,PB,santana.garrotes,alt orto auto,auto_nick,(testing)
Gaspar,Q1757083,MG,frei.gaspar,alt orto auto,auto_nick,(testing)
Gasparian,Q684387,RJ,comendador.levy.gasparian,alt orto auto,auto_nick,(testing)
Gastão,Q1760507,SP,gastao.vidigal,alt orto auto,auto_nick,(testing)
Gatos,Q2013715,PE,lagoa.gatos,alt orto auto,auto_nick,(testing)
Gaúchos,Q928704,MT,porto.gauchos,alt orto auto,auto_nick,(testing)
Gavião,Q673597,SP,gaviao.peixoto,alt orto auto,auto_nick,(testing)
Gentil,Q947263,SP,valentim.gentil,alt orto auto,auto_nick,(testing)
Gentio,Q1795290,BA,gentio.ouro,alt orto auto,auto_nick,(testing)
Georgino,Q428496,RN,senador.georgino.avelino,alt orto auto,auto_nick,(testing)
Geral,Q629087,MG,quartel.geral,alt orto auto,auto_nick,(testing)
Gerbi,Q738934,SP,estiva.gerbi,alt orto auto,auto_nick,(testing)
Gercino,Q1765004,SC,major.gercino,alt orto auto,auto_nick,(testing)
Gertrudes,Q1222916,SP,santa.gertrudes,alt orto auto,auto_nick,(testing)
Geru,Q615936,SE,tomar.geru,alt orto auto,auto_nick,(testing)
Gervásio,Q636789,PI,capitao.gervasio.oliveira,alt orto auto,auto_nick,(testing)
Gestal,Q743048,SP,pontes.gestal,alt orto auto,auto_nick,(testing)
Getúlio,Q1750452,RS,getulio.vargas,alt orto auto,auto_nick,(testing)
Getúlio,Q1757828,SC,presidente.getulio,alt orto auto,auto_nick,(testing)
Gil,Q1935712,PI,monsenhor.gil,alt orto auto,auto_nick,(testing)
Girau,Q768122,AL,girau.ponciano,alt orto auto,auto_nick,(testing)
Godeiro,Q1802391,RN,rafael.godeiro,alt orto auto,auto_nick,(testing)
Godofredo,Q939995,MA,godofredo.viana,alt orto auto,auto_nick,(testing)
Godói,Q942053,RS,candido.godoi,alt orto auto,auto_nick,(testing)
Godoy,Q1804247,PR,godoy.moreira,alt orto auto,auto_nick,(testing)
Goiabal,Q1787250,MG,sao.jose.goiabal,alt orto auto,auto_nick,(testing)
Goianésia,Q2008317,PA,goianesia.para,alt orto auto,auto_nick,(testing)
Goiânia,Q459711,GO,aparecida.goiania,alt orto auto,auto_nick,(testing)
Goitá,Q1804101,PE,gloria.goita,alt orto auto,auto_nick,(testing)
Gonzales,Q985566,RS,roque.gonzales,alt orto auto,auto_nick,(testing)
Gorda,Q33944,RS,anta.gorda,alt orto auto,auto_nick,(testing)
Gostoso,Q988901,RN,sao.miguel.gostoso,alt orto auto,auto_nick,(testing)
Gotardo,Q1788283,MG,sao.gotardo,alt orto auto,auto_nick,(testing)
Gouveia,Q1808849,AL,delmiro.gouveia,alt orto auto,auto_nick,(testing)
Governador Edson Lobão,,MA,governador.edison.lobao,alt orto,Wikipedia-pt,
Goytacazes,Q689868,RJ,campos.goytacazes,alt orto auto,auto_nick,(testing)
Graça,Q2082297,MA,graca.aranha,alt orto auto,auto_nick,(testing)
Graças,Q656895,PR,nossa.senhora.gracas,alt orto auto,auto_nick,(testing)
Gracho,Q647366,SE,gracho.cardoso,alt orto auto,auto_nick,(testing)
Graeff,Q1185250,RS,victor.graeff,alt orto auto,auto_nick,(testing)
Grama,Q1789248,MG,santo.antonio.grama,alt orto auto,auto_nick,(testing)
Grama,Q1648307,SP,sao.sebastiao.grama,alt orto auto,auto_nick,(testing)
Granada,Q1648342,SP,nova.granada,alt orto auto,auto_nick,(testing)
Grandes,Q1803568,PR,grandes.rios,alt orto auto,auto_nick,(testing)
Grandes,Q1121962,SC,pedras.grandes,alt orto auto,auto_nick,(testing)
Grão,Q1754641,MG,grao.mogol,alt orto auto,auto_nick,(testing)
Grão,Q1764998,SC,grao.para,alt orto auto,auto_nick,(testing)
Grossa,Q242906,PR,ponta.grossa,alt orto auto,auto_nick,(testing)
Guabiraba,Q1811106,PE,barra.guabiraba,alt orto auto,auto_nick,(testing)
Guaçu,Q956172,SP,mogi.guacu,alt orto auto,auto_nick,(testing)
Guamá,Q2008532,PA,sao.miguel.guama,alt orto auto,auto_nick,(testing)
Guandu,Q804041,ES,baixo.guandu,alt orto auto,auto_nick,(testing)
Guanhães,Q1790727,MG,dores.guanhaes,alt orto auto,auto_nick,(testing)
Guarantã,Q2012390,MT,guaranta.norte,alt orto auto,auto_nick,(testing)
Guararapes,Q271393,PE,jaboatao.guararapes,alt orto auto,auto_nick,(testing)
Guarita,Q1805433,MT,nova.guarita,alt orto auto,auto_nick,(testing)
Guarita,Q1757715,RS,barra.guarita,alt orto auto,auto_nick,(testing)
Guarujá,Q986566,SC,guaruja.sul,alt orto auto,auto_nick,(testing)
Guataporanga,Q1760106,SP,nova.guataporanga,alt orto auto,auto_nick,(testing)
Guedes,Q1799399,SC,faxinal.guedes,alt orto auto,auto_nick,(testing)
Guerra,Q1787530,RN,felipe.guerra,alt orto auto,auto_nick,(testing)
Guia,Q1793002,MS,guia.lopes.laguna,alt orto auto,auto_nick,(testing)
Guilherme,Q2068246,MA,centro.guilherme,alt orto auto,auto_nick,(testing)
Guiomard,Q771763,AC,senador.guiomard,alt orto auto,auto_nick,(testing)
Gurupi,Q2068253,MA,boa.vista.gurupi,alt orto auto,auto_nick,(testing)
Hamburgo,Q321331,RS,novo.hamburgo,alt orto auto,auto_nick,(testing)
Hartz,Q984557,RS,nova.hartz,alt orto auto,auto_nick,(testing)
Hipólito,Q1754904,MG,santo.hipolito,alt orto auto,auto_nick,(testing)
Hipólito,Q2060311,PI,monsenhor.hipolito,alt orto auto,auto_nick,(testing)
Homens,Q1816248,AL,jacare.homens,alt orto auto,auto_nick,(testing)
Honório,Q687445,PR,honorio.serpa,alt orto auto,auto_nick,(testing)
Hora,Q1838960,PI,boa.hora,alt orto auto,auto_nick,(testing)
Horebe,Q2010356,PB,monte.horebe,alt orto auto,auto_nick,(testing)
Hortêncio,Q179219,RS,sao.jose.hortencio,alt orto auto,auto_nick,(testing)
Hugo,Q1938815,PI,hugo.napoleao,alt orto auto,auto_nick,(testing)
Hugo,Q617526,RS,tio.hugo,alt orto auto,auto_nick,(testing)
Hulha,Q1750097,RS,hulha.negra,alt orto auto,auto_nick,(testing)
Humberto,Q1814500,MA,humberto.campos,alt orto auto,auto_nick,(testing)
Ibiá,Q1762106,BA,nova.ibia,alt orto auto,auto_nick,(testing)
Ibitipoca,Q1789091,MG,santa.rita.ibitipoca,alt orto auto,auto_nick,(testing)
Ibitiúra,Q642595,MG,ibitiura.minas,alt orto auto,auto_nick,(testing)
Içá,Q970224,AM,santo.antonio.ica,alt orto auto,auto_nick,(testing)
Icaraí,Q655607,MG,icarai.minas,alt orto auto,auto_nick,(testing)
Ielmo,Q649314,RN,ielmo.marinho,alt orto auto,auto_nick,(testing)
Igaraçu,Q1120318,SP,igaracu.tiete,alt orto auto,auto_nick,(testing)
Igreja,Q594183,AL,igreja.nova,alt orto auto,auto_nick,(testing)
Iguaba,Q1761488,RJ,iguaba.grande,alt orto auto,auto_nick,(testing)
Imbé,Q1791308,MG,imbe.minas,alt orto auto,auto_nick,(testing)
Imigrante,Q1806745,ES,venda.nova.imigrante,alt orto auto,auto_nick,(testing)
Imperatriz,Q327210,SC,santo.amaro.imperatriz,alt orto auto,auto_nick,(testing)
Incra,Q1803204,RS,boa.vista.incra,alt orto auto,auto_nick,(testing)
Ingazeira,Q1761348,PE,afogados.ingazeira,alt orto auto,auto_nick,(testing)
Inhacorá,Q588156,RS,sao.jose.inhacora,alt orto auto,auto_nick,(testing)
Inocêncio,Q1790695,MG,frei.inocencio,alt orto auto,auto_nick,(testing)
Inocêncio,Q2089195,PI,dom.inocencio,alt orto auto,auto_nick,(testing)
Inúbia,Q1761742,SP,inubia.paulista,alt orto auto,auto_nick,(testing)
Iorque,Q568168,MA,nova.iorque,alt orto auto,auto_nick,(testing)
Iporã,Q1757758,SC,ipora.oeste,alt orto auto,auto_nick,(testing)
Iraí,Q1790584,MG,irai.minas,alt orto auto,auto_nick,(testing)
Irapuan,Q2027304,CE,deputado.irapuan.pinheiro,alt orto auto,auto_nick,(testing)
Isaías,Q1935791,PI,isaias.coelho,alt orto auto,auto_nick,(testing)
Isidoro,Q1808271,AL,major.isidoro,alt orto auto,auto_nick,(testing)
Itaberaba,Q1758973,SC,nova.itaberaba,alt orto auto,auto_nick,(testing)
Itabira,Q1789237,MG,santa.maria.itabira,alt orto auto,auto_nick,(testing)
Itacolomi,Q1779892,PR,novo.itacolomi,alt orto auto,auto_nick,(testing)
Itaenga,Q1887813,PE,lagoa.itaenga,alt orto auto,auto_nick,(testing)
Itaguaçu,Q1800628,BA,itaguacu.bahia,alt orto auto,auto_nick,(testing)
Itaim,Q2095297,PI,aroeiras.itaim,alt orto auto,auto_nick,(testing)
Itaipava,Q2068260,MA,itaipava.grajau,alt orto auto,auto_nick,(testing)
Itaipu,Q1802908,PR,santa.terezinha.itaipu,alt orto auto,auto_nick,(testing)
Itaju,Q1762055,BA,itaju.colonia,alt orto auto,auto_nick,(testing)
Itamaracá,Q587114,PE,ilha.itamaraca,alt orto auto,auto_nick,(testing)
Itamarati,Q510938,MG,itamarati.minas,alt orto auto,auto_nick,(testing)
Itanhy,Q2089266,SE,santa.luzia.itanhy,alt orto auto,auto_nick,(testing)
Itapagé,,CE,itapaje,alt,Wikipedia-pt,
Itapecerica,Q926662,SP,itapecerica.serra,alt orto auto,auto_nick,(testing)
Itapecuru,Q2012733,MA,itapecuru.mirim,alt orto auto,auto_nick,(testing)
Itapejara,Q2004451,PR,itapejara.d.oeste,alt orto auto,auto_nick,(testing)
Itapemirim,Q1439193,ES,cachoeiro.itapemirim,alt orto auto,auto_nick,(testing)
Itaperiú,Q1799384,SC,sao.joao.itaperiu,alt orto auto,auto_nick,(testing)
Itapirapuã,Q1761081,SP,itapirapua.paulista,alt orto auto,auto_nick,(testing)
Itaporã,Q770338,TO,itapora.tocantins,alt orto auto,auto_nick,(testing)
Itapuã,Q1802170,RO,itapua.oeste,alt orto auto,auto_nick,(testing)
Itarana,Q1795079,BA,nova.itarana,alt orto auto,auto_nick,(testing)
Itatiba,Q1758338,RS,itatiba.sul,alt orto auto,auto_nick,(testing)
Itaú,Q1756039,MG,itau.minas,alt orto auto,auto_nick,(testing)
Itaúna,Q1803867,PR,itauna.sul,alt orto auto,auto_nick,(testing)
Itinga,Q2012566,MA,itinga.maranhao,alt orto auto,auto_nick,(testing)
Itueto,Q375274,MG,santa.rita.itueto,alt orto auto,auto_nick,(testing)
Izabel,Q2008554,PA,santa.izabel.para,alt orto auto,auto_nick,(testing)
Izabel,Q1803324,PR,santa.izabel.oeste,alt orto auto,auto_nick,(testing)
Jaboatão,Q271393,PE,jaboatao.guararapes,alt orto auto,auto_nick,(testing)
Jacobina,Q2064385,PI,jacobina.piaui,alt orto auto,auto_nick,(testing)
Jacuí,Q194389,RS,salto.jacui,alt orto auto,auto_nick,(testing)
Jacuri,Q1788487,MG,sao.jose.jacuri,alt orto auto,auto_nick,(testing)
Jaguaribe,Q2039779,CE,sao.joao.jaguaribe,alt orto auto,auto_nick,(testing)
Jamari,Q2078405,RO,candeias.jamari,alt orto auto,auto_nick,(testing)
Jambeiro,Q733562,BA,rafael.jambeiro,alt orto auto,auto_nick,(testing)
Jamil,Q1003447,GO,professor.jamil,alt orto auto,auto_nick,(testing)
Jandaia,Q1779910,PR,jandaia.sul,alt orto auto,auto_nick,(testing)
Janeiro,Q8678,RJ,rio.janeiro,alt orto auto,auto_nick,(testing)
Jânio,Q1772530,BA,presidente.janio.quadros,alt orto auto,auto_nick,(testing)
Jaraguá,Q849584,SC,jaragua.sul,alt orto auto,auto_nick,(testing)
Jaú,Q1801212,TO,jau.tocantins,alt orto auto,auto_nick,(testing)
Jenipapo,Q781692,MA,jenipapo.vieiras,alt orto auto,auto_nick,(testing)
Jenipapo,Q1756319,MG,jenipapo.minas,alt orto auto,auto_nick,(testing)
Jequiá,Q1808524,AL,jequia.praia,alt orto auto,auto_nick,(testing)
Jequiriça,,BA,jiquirica,alt orto,Wikipedia-pt,
Jequitibá,Q443518,MG,alto.jequitiba,alt orto auto,auto_nick,(testing)
Jericoacoara,Q1367980,CE,jijoca.jericoacoara,alt orto auto,auto_nick,(testing)
Jetibá,Q616486,ES,santa.maria.jetiba,alt orto auto,auto_nick,(testing)
Jijoca,Q1367980,CE,jijoca.jericoacoara,alt orto auto,auto_nick,(testing)
Joca,Q2098422,PB,joca.claudino,alt orto auto,auto_nick,(testing)
Joca,Q2078313,PI,joca.marques,alt orto auto,auto_nick,(testing)
Juarez,Q2008677,PB,juarez.tavora,alt orto auto,auto_nick,(testing)
Juiz,Q193019,MG,juiz.fora,alt orto auto,auto_nick,(testing)
Juliana,Q1789496,MG,santa.juliana,alt orto auto,auto_nick,(testing)
Julião,Q1987363,PI,sao.juliao,alt orto auto,auto_nick,(testing)
Jundiaí,Q765253,PR,jundiai.sul,alt orto auto,auto_nick,(testing)
Juscelino,Q2104269,MA,presidente.juscelino,alt orto auto,auto_nick,(testing)
Juscelino,Q948550,MG,presidente.juscelino,alt orto auto,auto_nick,(testing)
Kennedy,Q2021405,ES,presidente.kennedy,alt orto auto,auto_nick,(testing)
Kennedy,Q2085534,TO,presidente.kennedy,alt orto auto,auto_nick,(testing)
Kubitschek,Q1789682,MG,presidente.kubitschek,alt orto auto,auto_nick,(testing)
Lafaiete,Q1795742,BA,lafaiete.coutinho,alt orto auto,auto_nick,(testing)
Lafaiete,Q570312,MG,conselheiro.lafaiete,alt orto auto,auto_nick,(testing)
Lageado,Q1784522,SC,chapadao.lageado,alt orto auto,auto_nick,(testing)
Lago-Açu,Q2012506,MA,conceicao.lago.acu,alt orto auto,auto_nick,(testing)
Lagoas,Q841226,MG,sete.lagoas,alt orto auto,auto_nick,(testing)
Lagoas,Q1637454,MS,tres.lagoas,alt orto auto,auto_nick,(testing)
Lagoinha,Q2064145,PI,lagoinha.piaui,alt orto auto,auto_nick,(testing)
Lagonegro,Q1790769,MG,frei.lagonegro,alt orto auto,auto_nick,(testing)
Lajeados,Q588452,RS,dois.lajeados,alt orto auto,auto_nick,(testing)
Lajedo,Q1794888,BA,lajedo.tabocal,alt orto auto,auto_nick,(testing)
Lajes,Q1802336,RN,lajes.pintadas,alt orto auto,auto_nick,(testing)
Lambari,Q1871942,MT,lambari.d.oeste,alt orto auto,auto_nick,(testing)
Landim,Q2078986,PI,paes.landim,alt orto auto,auto_nick,(testing)
Landri,Q1938802,PI,landri.sales,alt orto auto,auto_nick,(testing)
Lângaro,Q1785542,RS,vila.langaro,alt orto auto,auto_nick,(testing)
Lange,Q593009,SP,cesario.lange,alt orto auto,auto_nick,(testing)
Laranja,Q616506,ES,laranja.terra,alt orto auto,auto_nick,(testing)
Lauro,Q905164,BA,lauro.freitas,alt orto auto,auto_nick,(testing)
Lauro,Q651077,SC,lauro.muller,alt orto auto,auto_nick,(testing)
Lavrada,Q2009239,PB,pedra.lavrada,alt orto auto,auto_nick,(testing)
Leandro,Q1754743,MG,leandro.ferreira,alt orto auto,auto_nick,(testing)
Lebon,Q1799343,SC,lebon.regis,alt orto auto,auto_nick,(testing)
Leitão,Q1758925,RS,mato.leitao,alt orto auto,auto_nick,(testing)
Leite,Q2068847,MA,benedito.leite,alt orto auto,auto_nick,(testing)
Leite,Q1791158,MG,fruta.leite,alt orto auto,auto_nick,(testing)
Lemos,Q1791395,MG,faria.lemos,alt orto auto,auto_nick,(testing)
Lençóis,Q1649601,SP,lencois.paulista,alt orto auto,auto_nick,(testing)
Leoberto,Q1765068,SC,leoberto.leal,alt orto auto,auto_nick,(testing)
Leônidas,Q1803932,PR,capitao.leonidas.marques,alt orto auto,auto_nick,(testing)
Lério,Q2013655,PE,vertente.lerio,alt orto auto,auto_nick,(testing)
Letras,Q1638397,MG,sao.thome.letras,alt orto auto,auto_nick,(testing)
Leverger,Q962587,MT,santo.antonio.leverger,alt orto auto,auto_nick,(testing)
Levy,Q684387,RJ,comendador.levy.gasparian,alt orto auto,auto_nick,(testing)
Liberato,Q1784434,RS,liberato.salzano,alt orto auto,auto_nick,(testing)
Licínio,Q1793470,BA,licinio.almeida,alt orto auto,auto_nick,(testing)
Limpa,Q249765,GO,agua.limpa,alt orto auto,auto_nick,(testing)
Limpo,Q989794,GO,campo.limpo.goias,alt orto auto,auto_nick,(testing)
Limpo,Q1754452,SP,campo.limpo.paulista,alt orto auto,auto_nick,(testing)
Lindas,Q249830,GO,aguas.lindas.goias,alt orto auto,auto_nick,(testing)
Lindenberg,Q1985082,ES,governador.lindenberg,alt orto auto,auto_nick,(testing)
Lindolfo,Q1648535,RS,lindolfo.collor,alt orto auto,auto_nick,(testing)
Lindos,Q1801753,TO,campos.lindos,alt orto auto,auto_nick,(testing)
Linha,Q733173,RS,linha.nova,alt orto auto,auto_nick,(testing)
Lino,Q1816167,AL,novo.lino,alt orto auto,auto_nick,(testing)
Lisboa,Q1875142,MA,joao.lisboa,alt orto auto,auto_nick,(testing)
Lisboa,Q659267,PI,santo.antonio.lisboa,alt orto auto,auto_nick,(testing)
Lobão,Q2012559,MA,governador.edison.lobao,alt orto auto,auto_nick,(testing)
Lobão,Q1851653,PI,demerval.lobao,alt orto auto,auto_nick,(testing)
Londrina,Q2004101,PR,nova.londrina,alt orto auto,auto_nick,(testing)
Longa,Q425598,MG,barra.longa,alt orto auto,auto_nick,(testing)
Longá,Q636564,PI,alto.longa,alt orto auto,auto_nick,(testing)
Lontra,Q1803499,PR,salto.lontra,alt orto auto,auto_nick,(testing)
Loureiros,Q1786434,RS,gramado.loureiros,alt orto auto,auto_nick,(testing)
Lucas,Q2012618,MT,lucas.rio.verde,alt orto auto,auto_nick,(testing)
Lúcia,Q2077843,PR,santa.lucia,alt orto auto,auto_nick,(testing)
Lúcia,Q1948975,SP,santa.lucia,alt orto auto,auto_nick,(testing)
Ludgero,Q2662610,SC,sao.ludgero,alt orto auto,auto_nick,(testing)
Lugar,Q2068928,MA,bom.lugar,alt orto auto,auto_nick,(testing)
Luis,Q1935674,PI,sao.luis.piaui,alt orto auto,auto_nick,(testing)
Lumiar,Q628172,MA,paco.lumiar,alt orto auto,auto_nick,(testing)
Luzitânia,Q1648351,SP,nova.luzitania,alt orto auto,auto_nick,(testing)
Macabu,Q601169,RJ,conceicao.macabu,alt orto auto,auto_nick,(testing)
Macacu,Q1983181,RJ,cachoeiras.macacu,alt orto auto,auto_nick,(testing)
Macaúbas,Q1762399,BA,brotas.macaubas,alt orto auto,auto_nick,(testing)
Machadinho,Q1786440,RO,machadinho.d.oeste,alt orto auto,auto_nick,(testing)
Machados,Q1754708,MG,riacho.machados,alt orto auto,auto_nick,(testing)
Madalena,Q2013108,RJ,santa.maria.madalena,alt orto auto,auto_nick,(testing)
Madureira,Q1754389,AC,sena.madureira,alt orto auto,auto_nick,(testing)
Mãe,Q2008401,PA,mae.rio,alt orto auto,auto_nick,(testing)
Mãe,Q2010590,PB,mae.d.agua,alt orto auto,auto_nick,(testing)
Magro,Q1804821,PR,campo.magro,alt orto auto,auto_nick,(testing)
Maia,Q1799357,SC,passos.maia,alt orto auto,auto_nick,(testing)
Maior,Q2105005,PI,campo.maior,alt orto auto,auto_nick,(testing)
Mairinck,Q582743,PR,conselheiro.mairinck,alt orto auto,auto_nick,(testing)
Mamanguape,Q977785,PB,cuite.mamanguape,alt orto auto,auto_nick,(testing)
Mamede,Q1999321,PB,sao.mamede,alt orto auto,auto_nick,(testing)
Mamoré,Q993507,RO,nova.mamore,alt orto auto,auto_nick,(testing)
Mâncio,Q1772621,AC,mancio.lima,alt orto auto,auto_nick,(testing)
Mangabeira,Q1761869,BA,governador.mangabeira,alt orto auto,auto_nick,(testing)
Mangabeira,Q664219,CE,lavras.mangabeira,alt orto auto,auto_nick,(testing)
Mangabeiras,Q2065231,MA,sao.raimundo.mangabeiras,alt orto auto,auto_nick,(testing)
Mangue,Q390276,RN,porto.mangue,alt orto auto,auto_nick,(testing)
Mangueira,Q2010753,PB,santana.mangueira,alt orto auto,auto_nick,(testing)
Mansa,Q808797,RJ,barra.mansa,alt orto auto,auto_nick,(testing)
Manso,Q1780188,MG,rio.manso,alt orto auto,auto_nick,(testing)
Manteninha,Q1787661,MG,sao.joao.manteninha,alt orto auto,auto_nick,(testing)
Mantimento,Q1760621,MG,sao.jose.mantimento,alt orto auto,auto_nick,(testing)
Manuel,Q1760298,SP,sao.manuel,alt orto auto,auto_nick,(testing)
Mar,Q2028214,AL,mar.vermelho,alt orto auto,auto_nick,(testing)
Mar,Q1754689,MG,mar.espanha,alt orto auto,auto_nick,(testing)
Mara,Q1806816,GO,mara.rosa,alt orto auto,auto_nick,(testing)
Marabá,Q1760917,SP,maraba.paulista,alt orto auto,auto_nick,(testing)
Marajá,Q743349,MA,maraja.sena,alt orto auto,auto_nick,(testing)
Marcelino,Q1786932,RN,marcelino.vieira,alt orto auto,auto_nick,(testing)
Marcelino,Q1757733,RS,marcelino.ramos,alt orto auto,auto_nick,(testing)
Marcionílio,Q1794252,BA,marcionilio.souza,alt orto auto,auto_nick,(testing)
Marcondes,Q596678,SP,alfredo.marcondes,alt orto auto,auto_nick,(testing)
Mariano,Q1786003,RS,mariano.moro,alt orto auto,auto_nick,(testing)
Marianópolis,Q1801628,TO,marianopolis.tocantins,alt orto auto,auto_nick,(testing)
Marias,Q1815539,MG,tres.marias,alt orto auto,auto_nick,(testing)
Maringá,Q962134,MT,nova.maringa,alt orto auto,auto_nick,(testing)
Mário,Q936682,MG,mario.campos,alt orto auto,auto_nick,(testing)
Maripá,Q1789764,MG,maripa.minas,alt orto auto,auto_nick,(testing)
Martírios,Q2065169,MA,vila.nova.martirios,alt orto auto,auto_nick,(testing)
Massapê,Q1940480,PI,massape.piaui,alt orto auto,auto_nick,(testing)
Matas,Q1794868,BA,sao.miguel.matas,alt orto auto,auto_nick,(testing)
Mathias,Q1790428,MG,mathias.lobato,alt orto auto,auto_nick,(testing)
Matões,Q2013059,MA,matoes.norte,alt orto auto,auto_nick,(testing)
Matos,Q1786881,RN,santana.matos,alt orto auto,auto_nick,(testing)
Matos,Q1784736,SC,matos.costa,alt orto auto,auto_nick,(testing)
Matriz,Q2013614,AL,matriz.camaragibe,alt orto auto,auto_nick,(testing)
Maurício,Q1785476,RS,doutor.mauricio.cardoso,alt orto auto,auto_nick,(testing)
Maurilândia,Q1801042,TO,maurilandia.tocantins,alt orto auto,auto_nick,(testing)
Maximiliano,Q1757239,RS,maximiliano.almeida,alt orto auto,auto_nick,(testing)
Maynard,Q1802002,SE,general.maynard,alt orto auto,auto_nick,(testing)
Medeiros,Q1794359,BA,medeiros.neto,alt orto auto,auto_nick,(testing)
Médici,Q2089748,MA,presidente.medici,alt orto auto,auto_nick,(testing)
Médici,Q1871362,RO,presidente.medici,alt orto auto,auto_nick,(testing)
Medrado,Q1772552,BA,elisio.medrado,alt orto auto,auto_nick,(testing)
Meira,Q776188,BA,dario.meira,alt orto auto,auto_nick,(testing)
Meireles,Q1784631,SC,vitor.meireles,alt orto auto,auto_nick,(testing)
Mel,Q679650,RN,serra.mel,alt orto auto,auto_nick,(testing)
Melgaço,Q1806364,MT,barao.melgaco,alt orto auto,auto_nick,(testing)
Mennucci,Q1761710,SP,sud.mennucci,alt orto auto,auto_nick,(testing)
Mercedes,Q1649817,SP,santa.mercedes,alt orto auto,auto_nick,(testing)
Meriti,Q459690,RJ,sao.joao.meriti,alt orto auto,auto_nick,(testing)
Messias,Q521491,RN,messias.targino,alt orto auto,auto_nick,(testing)
Miguelinho,Q2011848,PE,frei.miguelinho,alt orto auto,auto_nick,(testing)
Milton,Q1938844,PI,milton.brandao,alt orto auto,auto_nick,(testing)
Mimoso,Q1795062,ES,mimoso.sul,alt orto auto,auto_nick,(testing)
Mimoso,Q949279,GO,mimoso.goias,alt orto auto,auto_nick,(testing)
Minador,Q767029,AL,minador.negrao,alt orto auto,auto_nick,(testing)
Mineiros,Q1759649,SP,mineiros.tiete,alt orto auto,auto_nick,(testing)
Ministro,Q775204,RO,ministro.andreazza,alt orto auto,auto_nick,(testing)
Mipibu,Q734571,RN,sao.jose.mipibu,alt orto auto,auto_nick,(testing)
Mira,Q1649682,SP,mira.estrela,alt orto auto,auto_nick,(testing)
Miracema,Q993530,TO,miracema.tocantins,alt orto auto,auto_nick,(testing)
Miranda,Q2066162,MA,miranda.norte,alt orto auto,auto_nick,(testing)
Mirassol,Q2012414,MT,mirassol.d.oeste,alt orto auto,auto_nick,(testing)
Missão,Q2027847,CE,missao.velha,alt orto auto,auto_nick,(testing)
Modestino,Q1788519,MG,senador.modestino.goncalves,alt orto auto,auto_nick,(testing)
Módica,Q1790165,MG,nova.modica,alt orto auto,auto_nick,(testing)
Mogol,Q1754641,MG,grao.mogol,alt orto auto,auto_nick,(testing)
Moita,Q1857645,SE,moita.bonita,alt orto auto,auto_nick,(testing)
Moji,Q1788440,MG,tocos.moji,alt orto auto,auto_nick,(testing)
Moji Mirim,,SP,mogi.mirim,alt,Wikipedia-pt,
Mojuí,Q22074332,PA,mojui.campos,alt orto auto,auto_nick,(testing)
Mole,Q2078330,SE,pedra.mole,alt orto auto,auto_nick,(testing)
Mônica,Q2003719,PR,santa.monica,alt orto auto,auto_nick,(testing)
Monlevade,Q985508,MG,joao.monlevade,alt orto auto,auto_nick,(testing)
Montividiu,Q2077824,GO,montividiu.norte,alt orto auto,auto_nick,(testing)
Mor,Q784207,SP,monte.mor,alt orto auto,auto_nick,(testing)
Morada,Q1807869,CE,morada.nova,alt orto auto,auto_nick,(testing)
Morada,Q1790181,MG,morada.nova.minas,alt orto auto,auto_nick,(testing)
Moraes,Q1803189,RJ,trajano.moraes,alt orto auto,auto_nick,(testing)
Morais,Q1755006,MG,prudente.morais,alt orto auto,auto_nick,(testing)
Morato,Q1646103,SP,francisco.morato,alt orto auto,auto_nick,(testing)
Mornas,Q249844,SC,aguas.mornas,alt orto auto,auto_nick,(testing)
Moro,Q1786003,RS,mariano.moro,alt orto auto,auto_nick,(testing)
Mota,Q1761075,SP,candido.mota,alt orto auto,auto_nick,(testing)
Moura,Q1829476,PB,poco.jose.moura,alt orto auto,auto_nick,(testing)
Moura,Q1784242,RO,rolim.moura,alt orto auto,auto_nick,(testing)
Mourão,Q1937344,PI,domingos.mourao,alt orto auto,auto_nick,(testing)
Mourão,Q1773327,PR,campo.mourao,alt orto auto,auto_nick,(testing)
Moz,Q2011894,PA,porto.moz,alt orto auto,auto_nick,(testing)
Muitos,Q985572,RS,muitos.capoes,alt orto auto,auto_nick,(testing)
Mulato,Q1991909,PI,jardim.mulato,alt orto auto,auto_nick,(testing)
Muller,Q651077,SC,lauro.muller,alt orto auto,auto_nick,(testing)
Mundaú,Q1808118,AL,santana.mundau,alt orto auto,auto_nick,(testing)
Munhoz,Q1775819,PR,munhoz.melo,alt orto auto,auto_nick,(testing)
Muniz,Q1793732,BA,muniz.ferreira,alt orto auto,auto_nick,(testing)
Muniz,Q1797483,ES,muniz.freire,alt orto auto,auto_nick,(testing)
Muquém,Q1793568,BA,muquem.sao.francisco,alt orto auto,auto_nick,(testing)
Murici,Q2078394,PI,murici.portelas,alt orto auto,auto_nick,(testing)
Murta,Q1756364,MG,coronel.murta,alt orto auto,auto_nick,(testing)
Murtinho,Q1792999,MS,porto.murtinho,alt orto auto,auto_nick,(testing)
Murutinga,Q1649943,SP,murutinga.sul,alt orto auto,auto_nick,(testing)
Mutum,Q263731,MT,nova.mutum,alt orto auto,auto_nick,(testing)
Nabuco,Q1401082,PE,joaquim.nabuco,alt orto auto,auto_nick,(testing)
Nacional,Q1784315,TO,porto.nacional,alt orto auto,auto_nick,(testing)
Nacip,Q608559,MG,nacip.raydan,alt orto auto,auto_nick,(testing)
Napoleão,Q1938815,PI,hugo.napoleao,alt orto auto,auto_nick,(testing)
Natal,Q930196,MT,feliz.natal,alt orto auto,auto_nick,(testing)
Navarro,Q1756184,MG,engenheiro.navarro,alt orto auto,auto_nick,(testing)
Navio,Q1754413,AP,serra.navio,alt orto auto,auto_nick,(testing)
Negrão,Q767029,AL,minador.negrao,alt orto auto,auto_nick,(testing)
Negrinho,Q1784714,SC,rio.negrinho,alt orto auto,auto_nick,(testing)
Neiva,Q1982819,ES,joao.neiva,alt orto auto,auto_nick,(testing)
Nepomuceno,Q919616,MG,sao.joao.nepomuceno,alt orto auto,auto_nick,(testing)
Nereu,Q1799367,SC,presidente.nereu,alt orto auto,auto_nick,(testing)
Neto,Q1794359,BA,medeiros.neto,alt orto auto,auto_nick,(testing)
Neto,Q2019296,MA,coelho.neto,alt orto auto,auto_nick,(testing)
Newton,Q2068907,MA,governador.newton.bello,alt orto auto,auto_nick,(testing)
Nilo,Q1809660,BA,nilo.pecanha,alt orto auto,auto_nick,(testing)
Nina,Q2020346,MA,nina.rodrigues,alt orto auto,auto_nick,(testing)
Nísia,Q1116574,RN,nisia.floresta,alt orto auto,auto_nick,(testing)
Nogueira,Q1754345,SP,artur.nogueira,alt orto auto,auto_nick,(testing)
Nogueiras,Q2068880,MA,fortaleza.nogueiras,alt orto auto,auto_nick,(testing)
Nóia,Q1816142,AL,coite.noia,alt orto auto,auto_nick,(testing)
Nonato,Q1935702,PI,sao.raimundo.nonato,alt orto auto,auto_nick,(testing)
Noronha,Q1789744,MG,olimpio.noronha,alt orto auto,auto_nick,(testing)
Noronha,Q175057,PE,fernando.noronha,alt orto auto,auto_nick,(testing)
Noruega,Q567987,MG,catas.altas.noruega,alt orto auto,auto_nick,(testing)
Novas,Q120708,GO,caldas.novas,alt orto auto,auto_nick,(testing)
Novas,Q1755693,MG,minas.novas,alt orto auto,auto_nick,(testing)
Nunes,Q2068296,MA,governador.nunes.freire,alt orto auto,auto_nick,(testing)
Ocidental,Q988896,GO,cidade.ocidental,alt orto auto,auto_nick,(testing)
Odessa,Q1648345,SP,nova.odessa,alt orto auto,auto_nick,(testing)
Odivelas,Q632789,PA,sao.caetano.odivelas,alt orto auto,auto_nick,(testing)
Oeiras,Q2008580,PA,oeiras.para,alt orto auto,auto_nick,(testing)
Olegário,Q1750034,MG,presidente.olegario,alt orto auto,auto_nick,(testing)
Olho-d'Água,Q1802421,RN,olho.d.agua.borges,alt orto auto,auto_nick,(testing)
Olímpio,Q1789744,MG,olimpio.noronha,alt orto auto,auto_nick,(testing)
Olímpio,Q1894372,PI,matias.olimpio,alt orto auto,auto_nick,(testing)
Olinto,Q1809601,PR,antonio.olinto,alt orto auto,auto_nick,(testing)
Olivença,Q1794983,AM,sao.paulo.olivenca,alt orto auto,auto_nick,(testing)
Onça,Q1755759,MG,onca.pitangui,alt orto auto,auto_nick,(testing)
Onda,Q1760526,SP,onda.verde,alt orto auto,auto_nick,(testing)
Oscar,Q1759798,SP,oscar.bressane,alt orto auto,auto_nick,(testing)
Osório,Q1749863,RS,pedro.osorio,alt orto auto,auto_nick,(testing)
Ostras,Q1787668,RJ,rio.ostras,alt orto auto,auto_nick,(testing)
Osvaldo,Q1761462,SP,osvaldo.cruz,alt orto auto,auto_nick,(testing)
Otacílio,Q956998,SC,otacilio.costa,alt orto auto,auto_nick,(testing)
Ourilândia,Q2008237,PA,ourilandia.norte,alt orto auto,auto_nick,(testing)
Ouros,Q1792841,MG,conceicao.ouros,alt orto auto,auto_nick,(testing)
Pacheco,Q1791759,MG,coronel.pacheco,alt orto auto,auto_nick,(testing)
Pacheco,Q2095087,PI,sigefredo.pacheco,alt orto auto,auto_nick,(testing)
Paço,Q628172,MA,paco.lumiar,alt orto auto,auto_nick,(testing)
Pacuí,Q1787332,MG,sao.joao.pacui,alt orto auto,auto_nick,(testing)
Pádua,Q1788412,RJ,santo.antonio.padua,alt orto auto,auto_nick,(testing)
Pádua,Q1750269,RS,nova.padua,alt orto auto,auto_nick,(testing)
Paes,Q2078986,PI,paes.landim,alt orto auto,auto_nick,(testing)
Pai,Q1790130,MG,pai.pedro,alt orto auto,auto_nick,(testing)
Paim,Q1784411,RS,paim.filho,alt orto auto,auto_nick,(testing)
Pajeú,Q676007,MG,cachoeira.pajeu,alt orto auto,auto_nick,(testing)
Pajeú,Q519387,PI,pajeu.piaui,alt orto auto,auto_nick,(testing)
Palha,Q1798735,ES,sao.gabriel.palha,alt orto auto,auto_nick,(testing)
Palmar,Q984562,RS,santa.vitoria.palmar,alt orto auto,auto_nick,(testing)
Pantano,Q1758814,RS,pantano.grande,alt orto auto,auto_nick,(testing)
Pão,Q2027100,AL,pao.acucar,alt orto auto,auto_nick,(testing)
Paraguai,Q676719,MT,alto.paraguai,alt orto auto,auto_nick,(testing)
Paraíba,Q1756032,MG,alem.paraiba,alt orto auto,auto_nick,(testing)
Paraíba,Q304947,RJ,paraiba.sul,alt orto auto,auto_nick,(testing)
Paraitinga,Q1646919,SP,sao.luis.paraitinga,alt orto auto,auto_nick,(testing)
Paranapanema,Q383765,SP,mirante.paranapanema,alt orto auto,auto_nick,(testing)
Parati,,RJ,paraty,alt,Wikipedia-pt,
Paraúna,Q1794344,GO,sao.joao.parauna,alt orto auto,auto_nick,(testing)
Pareci,Q936625,RS,pareci.novo,alt orto auto,auto_nick,(testing)
Parente,Q1938857,PI,marcos.parente,alt orto auto,auto_nick,(testing)
Paruá,Q2064642,MA,santa.luzia.parua,alt orto auto,auto_nick,(testing)
Passé,Q1793748,BA,sao.sebastiao.passe,alt orto auto,auto_nick,(testing)
Pastora,Q1802021,SE,divina.pastora,alt orto auto,auto_nick,(testing)
Pastos,Q2066090,MA,pastos.bons,alt orto auto,auto_nick,(testing)
Patrício,Q726966,GO,sao.patricio,alt orto auto,auto_nick,(testing)
Patrulha,Q984547,RS,santo.antonio.patrulha,alt orto auto,auto_nick,(testing)
Paty,Q955927,RJ,paty.alferes,alt orto auto,auto_nick,(testing)
Paulino,Q1876128,MA,paulino.neves,alt orto auto,auto_nick,(testing)
Peçanha,Q1809660,BA,nilo.pecanha,alt orto auto,auto_nick,(testing)
Pedrinhas,Q1761002,SP,pedrinhas.paulista,alt orto auto,auto_nick,(testing)
Pedrinho,Q1784602,SC,doutor.pedrinho,alt orto auto,auto_nick,(testing)
Pedrito,Q1749875,RS,dom.pedrito,alt orto auto,auto_nick,(testing)
Pedroza,Q588380,RN,fernando.pedroza,alt orto auto,auto_nick,(testing)
Pena,Q1792851,MG,conselheiro.pena,alt orto auto,auto_nick,(testing)
Pensa,Q587790,SP,santana.ponte.pensa,alt orto auto,auto_nick,(testing)
Perdões,Q1760959,SP,bom.jesus.perdoes,alt orto auto,auto_nick,(testing)
Peri,Q2066022,MA,peri.mirim,alt orto auto,auto_nick,(testing)
Pérola,Q1803472,PR,perola.d.oeste,alt orto auto,auto_nick,(testing)
Pescaria,Q3136609,SC,pescaria.brava,alt orto auto,auto_nick,(testing)
Pessoa,Q167436,PB,joao.pessoa,alt orto auto,auto_nick,(testing)
Pessoa,Q1802324,RN,coronel.joao.pessoa,alt orto auto,auto_nick,(testing)
Pestana,Q600118,RS,augusto.pestana,alt orto auto,auto_nick,(testing)
Petrolina,Q991127,GO,petrolina.goias,alt orto auto,auto_nick,(testing)
Petrópolis,Q983710,RS,nova.petropolis,alt orto auto,auto_nick,(testing)
Picada,Q958545,RS,picada.cafe,alt orto auto,auto_nick,(testing)
Piçarras,Q285815,SC,balneario.picarras,alt orto auto,auto_nick,(testing)
Pilão,Q1793323,BA,pilao.arcado,alt orto auto,auto_nick,(testing)
Pimenta,Q1803175,RO,pimenta.bueno,alt orto auto,auto_nick,(testing)
Pimenteiras,Q1803105,RO,pimenteiras.oeste,alt orto auto,auto_nick,(testing)
Pimentel,Q1790353,MG,mendes.pimentel,alt orto auto,auto_nick,(testing)
Pimentel,Q957142,RS,mariana.pimentel,alt orto auto,auto_nick,(testing)
Pindaré,Q2028638,MA,alto.alegre.pindare,alt orto auto,auto_nick,(testing)
Pindorama,Q1800896,TO,pindorama.tocantins,alt orto auto,auto_nick,(testing)
Pinhais,Q478818,PR,sao.jose.pinhais,alt orto auto,auto_nick,(testing)
Pinheirinho,Q550186,RS,pinheirinho.vale,alt orto auto,auto_nick,(testing)
Pintadas,Q1802336,RN,lajes.pintadas,alt orto auto,auto_nick,(testing)
Pinto,Q10349880,RS,pinto.bandeira,alt orto auto,auto_nick,(testing)
Pinto,Q1764914,SC,correia.pinto,alt orto auto,auto_nick,(testing)
Pintos,Q1802272,RN,serrinha.pintos,alt orto auto,auto_nick,(testing)
Pio,Q1833985,MA,pio.xii,alt orto auto,auto_nick,(testing)
Pio,Q2089220,PI,pio.ix,alt orto auto,auto_nick,(testing)
Piquet,Q2028684,CE,piquet.carneiro,alt orto auto,auto_nick,(testing)
Piquiri,Q1804740,PR,alto.piquiri,alt orto auto,auto_nick,(testing)
Pirabas,Q2008440,PA,sao.joao.pirabas,alt orto auto,auto_nick,(testing)
Piracicaba,Q1804734,MG,rio.piracicaba,alt orto auto,auto_nick,(testing)
Pirapama,Q1789173,MG,santana.pirapama,alt orto auto,auto_nick,(testing)
Pitangui,Q1755759,MG,onca.pitangui,alt orto auto,auto_nick,(testing)
Plácido,Q964075,AC,placido.castro,alt orto auto,auto_nick,(testing)
Planaltina,Q927206,PR,planaltina.parana,alt orto auto,auto_nick,(testing)
Platina,Q929328,PR,santo.antonio.platina,alt orto auto,auto_nick,(testing)
POA,,RS,porto.alegre,abrev,http://www.cidades.registro.nic.br,
Poção,Q2104834,MA,pocao.pedras,alt orto auto,auto_nick,(testing)
Poções,Q1791860,MG,claro.pocoes,alt orto auto,auto_nick,(testing)
Poços,Q817216,MG,pocos.caldas,alt orto auto,auto_nick,(testing)
Polêsine,Q1750271,RS,sao.joao.polesine,alt orto auto,auto_nick,(testing)
Pomba,Q1804907,MG,rio.pomba,alt orto auto,auto_nick,(testing)
Pombal,Q1793776,BA,ribeira.pombal,alt orto auto,auto_nick,(testing)
Pompeu,Q1828350,CE,senador.pompeu,alt orto auto,auto_nick,(testing)
Ponciano,Q768122,AL,girau.ponciano,alt orto auto,auto_nick,(testing)
Pontas,Q1749754,MG,tres.pontas,alt orto auto,auto_nick,(testing)
Porã,Q928094,MS,ponta.pora,alt orto auto,auto_nick,(testing)
Porã,Q1758938,SC,cunha.pora,alt orto auto,auto_nick,(testing)
Porfírio,Q609027,PA,senador.jose.porfirio,alt orto auto,auto_nick,(testing)
Porteirinha,Q1790104,MG,nova.porteirinha,alt orto auto,auto_nick,(testing)
Portela,Q1784447,RS,tenente.portela,alt orto auto,auto_nick,(testing)
Portelas,Q2078394,PI,murici.portelas,alt orto auto,auto_nick,(testing)
Posse,Q1760121,SP,santo.antonio.posse,alt orto auto,auto_nick,(testing)
Potengi,Q1802399,RN,sao.paulo.potengi,alt orto auto,auto_nick,(testing)
Potiguar,Q1802221,RN,triunfo.potiguar,alt orto auto,auto_nick,(testing)
Povo,Q252242,MT,sao.jose.povo,alt orto auto,auto_nick,(testing)
Poxoréo,,MT,poxoreu,alt,Wikipedia-pt,
Prestes,Q595318,SP,fernando.prestes,alt orto auto,auto_nick,(testing)
Primeira,Q960537,MA,primeira.cruz,alt orto auto,auto_nick,(testing)
Primeiro,Q1803826,PR,primeiro.maio,alt orto auto,auto_nick,(testing)
Princípio,Q2063977,PI,bom.principio.piaui,alt orto auto,auto_nick,(testing)
Princípio,Q1648506,RS,bom.principio,alt orto auto,auto_nick,(testing)
Procópio,Q2007572,PR,cornelio.procopio,alt orto auto,auto_nick,(testing)
Professor,Q1003447,GO,professor.jamil,alt orto auto,auto_nick,(testing)
Propício,Q989519,GO,vila.propicio,alt orto auto,auto_nick,(testing)
Protásio,Q1757450,RS,protasio.alves,alt orto auto,auto_nick,(testing)
Prudente,Q1755006,MG,prudente.morais,alt orto auto,auto_nick,(testing)
Prudente,Q525618,SP,presidente.prudente,alt orto auto,auto_nick,(testing)
Purus,Q1772719,AC,santa.rosa.purus,alt orto auto,auto_nick,(testing)
Quadros,Q1772530,BA,presidente.janio.quadros,alt orto auto,auto_nick,(testing)
Quaraí,Q654843,RS,barra.quarai,alt orto auto,auto_nick,(testing)
Quartel,Q629087,MG,quartel.geral,alt orto auto,auto_nick,(testing)
Quarto,Q2004523,PR,quarto.centenario,alt orto auto,auto_nick,(testing)
Quedas,Q1794989,MS,sete.quedas,alt orto auto,auto_nick,(testing)
Quedas,Q1802867,PR,quedas.iguacu,alt orto auto,auto_nick,(testing)
Queimada,Q1938832,PI,queimada.nova,alt orto auto,auto_nick,(testing)
Queimado,Q1785815,RS,mato.queimado,alt orto auto,auto_nick,(testing)
Queimado,Q1764967,SC,rancho.queimado,alt orto auto,auto_nick,(testing)
Quente,Q285551,GO,rio.quente,alt orto auto,auto_nick,(testing)
Querência,Q2004160,PR,querencia.norte,alt orto auto,auto_nick,(testing)
Quinta,Q1802877,PR,quinta.sol,alt orto auto,auto_nick,(testing)
Quinto,Q1762134,BA,sitio.quinto,alt orto auto,auto_nick,(testing)
Quinze,Q194362,RS,quinze.novembro,alt orto auto,auto_nick,(testing)
Quitéria,Q2027609,CE,santa.quiteria,alt orto auto,auto_nick,(testing)
Quitéria,Q2013052,MA,santa.quiteria.maranhao,alt orto auto,auto_nick,(testing)
Quitunde,Q1808105,AL,sao.luis.quitunde,alt orto auto,auto_nick,(testing)
Raiz,Q1962737,PB,serra.raiz,alt orto auto,auto_nick,(testing)
Ramada,Q348265,RS,nova.ramada,alt orto auto,auto_nick,(testing)
Ramalho,Q600869,BA,serra.ramalho,alt orto auto,auto_nick,(testing)
Ramalho,Q1760921,SP,joao.ramalho,alt orto auto,auto_nick,(testing)
Ranchos,Q991098,GO,tres.ranchos,alt orto auto,auto_nick,(testing)
Ratos,Q1750199,RS,arroio.ratos,alt orto auto,auto_nick,(testing)
Raul,Q920002,MG,raul.soares,alt orto auto,auto_nick,(testing)
Redonda,Q1979460,PB,serra.redonda,alt orto auto,auto_nick,(testing)
Redonda,Q276176,RJ,volta.redonda,alt orto auto,auto_nick,(testing)
Regente,Q1760843,SP,regente.feijo,alt orto auto,auto_nick,(testing)
Régis,Q2064424,PB,pedro.regis,alt orto auto,auto_nick,(testing)
Régis,Q1799343,SC,lebon.regis,alt orto auto,auto_nick,(testing)
Rei,Q740965,MG,sao.joao.del.rei,alt orto auto,auto_nick,(testing)
Reis,Q542829,RJ,angra.reis,alt orto auto,auto_nick,(testing)
Reis,Q533932,SP,dirce.reis,alt orto auto,auto_nick,(testing)
Remédios,Q1788643,MG,senhora.remedios,alt orto auto,auto_nick,(testing)
Remédios,Q2104808,PI,nossa.senhora.remedios,alt orto auto,auto_nick,(testing)
Repartimento,Q769811,PA,novo.repartimento,alt orto auto,auto_nick,(testing)
Repouso,Q784417,MG,bom.repouso,alt orto auto,auto_nick,(testing)
Restinga,Q1757460,RS,restinga.seca,alt orto auto,auto_nick,(testing)
Reuter,Q749214,RS,morro.reuter,alt orto auto,auto_nick,(testing)
Riachos,Q988800,AL,dois.riachos,alt orto auto,auto_nick,(testing)
Ribas,Q691658,MS,ribas.rio.pardo,alt orto auto,auto_nick,(testing)
Ribas,Q1803614,PR,manoel.ribas,alt orto auto,auto_nick,(testing)
Ricardo,Q1758892,RS,doutor.ricardo,alt orto auto,auto_nick,(testing)
Rincão,Q2881477,SC,balneario.rincao,alt orto auto,auto_nick,(testing)
Roberto,Q744797,MA,sao.roberto,alt orto auto,auto_nick,(testing)
Roca,Q785702,RS,roca.sales,alt orto auto,auto_nick,(testing)
Roça,Q1793392,BA,varzea.roca,alt orto auto,auto_nick,(testing)
Roça,Q2009298,PB,sao.sebastiao.lagoa.roca,alt orto auto,auto_nick,(testing)
Rochedo,Q304119,MG,rochedo.minas,alt orto auto,auto_nick,(testing)
Rocque,Q1967899,MA,senador.la.rocque,alt orto auto,auto_nick,(testing)
Rodeio,Q679055,RS,rodeio.bonito,alt orto auto,auto_nick,(testing)
Rodolfo,Q1802371,RN,rodolfo.fernandes,alt orto auto,auto_nick,(testing)
Rogério,Q1765020,SC,frei.rogerio,alt orto auto,auto_nick,(testing)
Rolim,Q1784242,RO,rolim.moura,alt orto auto,auto_nick,(testing)
Romão,Q539353,MG,sao.romao,alt orto auto,auto_nick,(testing)
Ronda,Q949556,RS,ronda.alta,alt orto auto,auto_nick,(testing)
Rosado,Q1787040,RN,governador.dix.sept.rosado,alt orto auto,auto_nick,(testing)
Rosalândia,Q1801604,TO,nova.rosalandia,alt orto auto,auto_nick,(testing)
Roxa,Q2104252,PR,terra.roxa,alt orto auto,auto_nick,(testing)
Roxa,Q1759814,SP,terra.roxa,alt orto auto,auto_nick,(testing)
Roxo,Q737636,RJ,belford.roxo,alt orto auto,auto_nick,(testing)
Rufino,Q1765047,SC,rio.rufino,alt orto auto,auto_nick,(testing)
Rui,Q1795898,AL,senador.rui.palmeira,alt orto auto,auto_nick,(testing)
Russas,Q1824152,CE,nova.russas,alt orto auto,auto_nick,(testing)
Ruy,Q1807858,BA,ruy.barbosa,alt orto auto,auto_nick,(testing)
Ruy,Q2309715,RN,ruy.barbosa,alt orto auto,auto_nick,(testing)
Sabugi,Q2008367,PB,sao.jose.sabugi,alt orto auto,auto_nick,(testing)
Sabugi,Q1786769,RN,sao.joao.sabugi,alt orto auto,auto_nick,(testing)
Safira,Q1787414,MG,sao.jose.safira,alt orto auto,auto_nick,(testing)
Sagrada,Q2007720,RS,sagrada.familia,alt orto auto,auto_nick,(testing)
Sal,Q1648525,RS,arroio.sal,alt orto auto,auto_nick,(testing)
Saldanha,Q195200,RS,saldanha.marinho,alt orto auto,auto_nick,(testing)
Salete,Q1649808,SP,santa.salete,alt orto auto,auto_nick,(testing)
Salgada,Q973069,RN,lagoa.salgada,alt orto auto,auto_nick,(testing)
Salitre,Q1788636,MG,serra.salitre,alt orto auto,auto_nick,(testing)
Salzano,Q1784434,RS,liberato.salzano,alt orto auto,auto_nick,(testing)
Sampa,,SP,sao.paulo,abrev,http://www.cidades.registro.nic.br,
Sant'Ana,Q917693,RS,sant.ana.livramento,alt orto auto,auto_nick,(testing)
Santa Isabel do Pará,,PA,santa.izabel.para,alt,Wikipedia-pt,
Santa Terezinha,,BA,santa.teresinha,alt orto,Wikipedia-pt,
Santarém,Q1811192,PA,santarem.novo,alt orto auto,auto_nick,(testing)
Santiago,Q1758231,SC,santiago.sul,alt orto auto,auto_nick,(testing)
Santíssima,Q732088,MT,vila.bela.santissima.trindade,alt orto auto,auto_nick,(testing)
Santo Amaro,,MA,santo.amaro.maranhao,alt reduz,CEP,
Santópolis,Q1760320,SP,santopolis.aguapei,alt orto auto,auto_nick,(testing)
Sarney,Q244997,MA,presidente.sarney,alt orto auto,auto_nick,(testing)
Sátiro,Q939237,BA,satiro.dias,alt orto auto,auto_nick,(testing)
Saudade,Q1754911,MG,serra.saudade,alt orto auto,auto_nick,(testing)
Saudade,Q2004500,PR,saudade.iguacu,alt orto auto,auto_nick,(testing)
Saúde,Q1802783,RN,boa.saude,alt orto auto,auto_nick,(testing)
Sayão,Q2011573,TO,bernardo.sayao,alt orto auto,auto_nick,(testing)
Sebastianópolis,Q1649838,SP,sebastianopolis.sul,alt orto auto,auto_nick,(testing)
Seca,Q2010981,PB,lagoa.seca,alt orto auto,auto_nick,(testing)
Sêca,Q1757460,RS,restinga.seca,alt orto auto,auto_nick,(testing)
Seco,Q1816094,AL,coqueiro.seco,alt orto auto,auto_nick,(testing)
Seco,Q1785508,RS,erval.seco,alt orto auto,auto_nick,(testing)
Sede,Q1784935,RS,sede.nova,alt orto auto,auto_nick,(testing)
Seguro,Q499922,BA,porto.seguro,alt orto auto,auto_nick,(testing)
Selvas,Q2068303,MA,bom.jesus.selvas,alt orto auto,auto_nick,(testing)
Sena,Q1754389,AC,sena.madureira,alt orto auto,auto_nick,(testing)
Sena,Q743349,MA,maraja.sena,alt orto auto,auto_nick,(testing)
Senador La Roque,,MA,senador.la.rocque,alt orto,Wikipedia-pt,
Senhor,Q1808316,BA,senhor.bonfim,alt orto auto,auto_nick,(testing)
Sentinela,Q1750201,RS,sentinela.sul,alt orto auto,auto_nick,(testing)
Sento,Q1793620,BA,sento.se,alt orto auto,auto_nick,(testing)
Sepé,Q1757144,RS,sao.sepe,alt orto auto,auto_nick,(testing)
Serafina,Q1757416,RS,serafina.correa,alt orto auto,auto_nick,(testing)
Sergipe,Q2079721,SE,monte.alegre.sergipe,alt orto auto,auto_nick,(testing)
Seridó,,PB,sao.vicente.serido,alt reduz,LexML,
Serpa,Q687445,PR,honorio.serpa,alt orto auto,auto_nick,(testing)
Serrada,Q1784813,SC,ponte.serrada,alt orto auto,auto_nick,(testing)
Serrano,Q1909011,MA,serrano.maranhao,alt orto auto,auto_nick,(testing)
Setembro,Q601766,RS,sete.setembro,alt orto auto,auto_nick,(testing)
Sião,Q1755752,MG,monte.siao,alt orto auto,auto_nick,(testing)
Sigefredo,Q2095087,PI,sigefredo.pacheco,alt orto auto,auto_nick,(testing)
Silveira,Q1757698,RS,silveira.martins,alt orto auto,auto_nick,(testing)
Silvério,Q1756586,MG,dom.silverio,alt orto auto,auto_nick,(testing)
Simões,Q1645080,BA,simoes.filho,alt orto auto,auto_nick,(testing)
Simplício,Q1943081,PI,simplicio.mendes,alt orto auto,auto_nick,(testing)
Sincorá,Q1796433,BA,contendas.sincora,alt orto auto,auto_nick,(testing)
Siqueira,Q2064771,PR,siqueira.campos,alt orto auto,auto_nick,(testing)
Sobrado,Q677252,RS,passo.sobrado,alt orto auto,auto_nick,(testing)
Sol,Q1802877,PR,quinta.sol,alt orto auto,auto_nick,(testing)
Sol,Q1758912,RS,vale.sol,alt orto auto,auto_nick,(testing)
Sola,Q1799425,SC,palma.sola,alt orto auto,auto_nick,(testing)
Solteira,Q1649828,SP,ilha.solteira,alt orto auto,auto_nick,(testing)
Sono,Q1801199,TO,rio.sono,alt orto auto,auto_nick,(testing)
Soter,Q1966884,MA,sao.joao.soter,alt orto auto,auto_nick,(testing)
Soturno,Q1758171,RS,faxinal.soturno,alt orto auto,auto_nick,(testing)
Soure,Q1772518,BA,nova.soure,alt orto auto,auto_nick,(testing)
Souto,Q1793851,BA,souto.soares,alt orto auto,auto_nick,(testing)
Sud,Q1761710,SP,sud.mennucci,alt orto auto,auto_nick,(testing)
Taboado,Q1797156,MS,aparecida.taboado,alt orto auto,auto_nick,(testing)
Taboão,Q841231,SP,taboao.serra,alt orto auto,auto_nick,(testing)
Tabocal,Q1794888,BA,lajedo.tabocal,alt orto auto,auto_nick,(testing)
Tabocão,Q1801070,TO,fortaleza.tabocao,alt orto auto,auto_nick,(testing)
Tabocas,Q1761827,BA,tabocas.brejo.velho,alt orto auto,auto_nick,(testing)
Taboleiro,Q1802579,RN,taboleiro.grande,alt orto auto,auto_nick,(testing)
Tabosa,Q526892,CE,monsenhor.tabosa,alt orto auto,auto_nick,(testing)
Tabuleiro,Q2059758,CE,tabuleiro.norte,alt orto auto,auto_nick,(testing)
Taipas,Q1800947,TO,taipas.tocantins,alt orto auto,auto_nick,(testing)
Taipu,Q2008694,PB,sao.miguel.taipu,alt orto auto,auto_nick,(testing)
Talhada,Q2000133,PE,serra.talhada,alt orto auto,auto_nick,(testing)
Tamboril,Q1935687,PI,tamboril.piaui,alt orto auto,auto_nick,(testing)
Tancredo,Q1796453,BA,presidente.tancredo.neves,alt orto auto,auto_nick,(testing)
Tapada,Q2009321,PB,sao.jose.lagoa.tapada,alt orto auto,auto_nick,(testing)
Tapera,Q1808190,AL,sao.jose.tapera,alt orto auto,auto_nick,(testing)
Tapuio,Q2078456,PI,sao.miguel.tapuio,alt orto auto,auto_nick,(testing)
Taquaraçu,Q1787098,MG,taquaracu.minas,alt orto auto,auto_nick,(testing)
Taquaral,Q1008236,GO,taquaral.goias,alt orto auto,auto_nick,(testing)
Taquari,Q1805426,MT,alto.taquari,alt orto auto,auto_nick,(testing)
Taquaritinga,Q2011859,PE,taquaritinga.norte,alt orto auto,auto_nick,(testing)
Taquaruçu,Q1785461,RS,taquarucu.sul,alt orto auto,auto_nick,(testing)
Targino,Q521491,RN,messias.targino,alt orto auto,auto_nick,(testing)
Tasso,Q2307499,MA,tasso.fragoso,alt orto auto,auto_nick,(testing)
Tauá,Q2009548,PA,santo.antonio.taua,alt orto auto,auto_nick,(testing)
Távora,Q2008677,PB,juarez.tavora,alt orto auto,auto_nick,(testing)
Távora,Q2005178,PR,joaquim.tavora,alt orto auto,auto_nick,(testing)
Tebas,Q1803571,PR,nova.tebas,alt orto auto,auto_nick,(testing)
Telêmaco,Q391843,PR,telemaco.borba,alt orto auto,auto_nick,(testing)
Telha,Q2078362,PI,cocal.telha,alt orto auto,auto_nick,(testing)
Tempo,Q1790325,MG,passa.tempo,alt orto auto,auto_nick,(testing)
Tempo,Q2098784,PI,morro.cabeca.no.tempo,alt orto auto,auto_nick,(testing)
Teodoro,Q1760393,BA,teodoro.sampaio,alt orto auto,auto_nick,(testing)
Teodoro,Q2027342,SP,teodoro.sampaio,alt orto auto,auto_nick,(testing)
Teófilo,Q1637552,MG,teofilo.otoni,alt orto auto,auto_nick,(testing)
Teotônio,Q1795888,AL,teotonio.vilela,alt orto auto,auto_nick,(testing)
Teresa,Q2039418,ES,santa.teresa,alt orto auto,auto_nick,(testing)
Teresina,Q988887,GO,teresina.goias,alt orto auto,auto_nick,(testing)
Teresinha,Q1795259,BA,santa.teresinha,alt orto auto,auto_nick,(testing)
Teresinha,Q680275,PB,santa.teresinha,alt orto auto,auto_nick,(testing)
Terezópolis,Q986264,GO,terezopolis.goias,alt orto auto,auto_nick,(testing)
Thaumaturgo,Q1772613,AC,marechal.thaumaturgo,alt orto auto,auto_nick,(testing)
Thomé,Q1638397,MG,sao.thome.letras,alt orto auto,auto_nick,(testing)
Tiago,Q1787130,MG,sao.tiago,alt orto auto,auto_nick,(testing)
Tibau,Q1759083,RN,tibau.sul,alt orto auto,auto_nick,(testing)
Tigre,Q2009071,PB,sao.joao.tigre,alt orto auto,auto_nick,(testing)
Tigre,Q33964,RS,arroio.tigre,alt orto auto,auto_nick,(testing)
Tijucas,Q1803774,PR,tijucas.sul,alt orto auto,auto_nick,(testing)
Tílias,Q339414,SC,treze.tilias,alt orto auto,auto_nick,(testing)
Timbaúba,Q1786689,RN,timbauba.batistas,alt orto auto,auto_nick,(testing)
Timbé,Q1799417,SC,timbe.sul,alt orto auto,auto_nick,(testing)
Timbó,Q614626,SC,timbo.grande,alt orto auto,auto_nick,(testing)
Timboteua,Q2009430,PA,nova.timboteua,alt orto auto,auto_nick,(testing)
Tinto,Q2085541,PB,rio.tinto,alt orto auto,auto_nick,(testing)
Tio,Q617526,RS,tio.hugo,alt orto auto,auto_nick,(testing)
Tobias,Q2013156,SE,tobias.barreto,alt orto auto,auto_nick,(testing)
Tocos,Q1788440,MG,tocos.moji,alt orto auto,auto_nick,(testing)
Toldo,Q1765028,SC,bela.vista.toldo,alt orto auto,auto_nick,(testing)
Tomar,Q615936,SE,tomar.geru,alt orto auto,auto_nick,(testing)
Tomás,Q1788424,MG,sao.tomas.aquino,alt orto auto,auto_nick,(testing)
Tomé,Q2019197,PR,sao.tome,alt orto auto,auto_nick,(testing)
Tomé,Q2016592,RN,sao.tome,alt orto auto,auto_nick,(testing)
Torre,Q1759645,SP,torre.pedra,alt orto auto,auto_nick,(testing)
Torres,Q1799402,SC,passo.torres,alt orto auto,auto_nick,(testing)
Tourinho,Q1791271,MG,fernandes.tourinho,alt orto auto,auto_nick,(testing)
Traição,Q978537,PB,baia.traicao,alt orto auto,auto_nick,(testing)
Trairí,Q1802608,RN,sao.bento.trairi,alt orto auto,auto_nick,(testing)
Trajano,Q1803189,RJ,trajano.moraes,alt orto auto,auto_nick,(testing)
Trajano de Morais,,RJ,trajano.moraes,alt,Wikipedia-pt,
Trento,Q1637513,SC,nova.trento,alt orto auto,auto_nick,(testing)
Trincheiras,Q1795960,AL,poco.trincheiras,alt orto auto,auto_nick,(testing)
Trinta,Q1758088,SC,arroio.trinta,alt orto auto,auto_nick,(testing)
Trivelato,Q2065385,MT,santa.rita.trivelato,alt orto auto,auto_nick,(testing)
Trizidela,Q2065285,MA,trizidela.vale,alt orto auto,auto_nick,(testing)
Tugúrio,Q1754948,MG,santa.barbara.tugurio,alt orto auto,auto_nick,(testing)
Tunas,Q2004599,PR,tunas.parana,alt orto auto,auto_nick,(testing)
Tuneiras,Q1830118,PR,tuneiras.oeste,alt orto auto,auto_nick,(testing)
Tupanci,Q1784425,RS,tupanci.sul,alt orto auto,auto_nick,(testing)
Tupi,Q1760131,SP,tupi.paulista,alt orto auto,auto_nick,(testing)
Tupim,Q770067,BA,boa.vista.tupim,alt orto auto,auto_nick,(testing)
Uatumã,Q1793440,AM,sao.sebastiao.uatuma,alt orto auto,auto_nick,(testing)
Ubá,Q1802262,RJ,sao.jose.uba,alt orto auto,auto_nick,(testing)
Ubiratã,Q1806494,MT,nova.ubirata,alt orto auto,auto_nick,(testing)
Ulysses,Q660697,PR,doutor.ulysses,alt orto auto,auto_nick,(testing)
Umbuzeiro,Q2008699,PB,sao.sebastiao.umbuzeiro,alt orto auto,auto_nick,(testing)
Una,Q2078660,PE,sao.bento.una,alt orto auto,auto_nick,(testing)
Urbano,Q1772688,AC,manoel.urbano,alt orto auto,auto_nick,(testing)
Urbano,Q2064632,MA,urbano.santos,alt orto auto,auto_nick,(testing)
Urtiga,Q1786488,RS,sao.joao.urtiga,alt orto auto,auto_nick,(testing)
Uruana,Q1787170,MG,uruana.minas,alt orto auto,auto_nick,(testing)
Valadares,Q462218,MG,governador.valadares,alt orto auto,auto_nick,(testing)
Vales,Q1756110,MG,fronteira.vales,alt orto auto,auto_nick,(testing)
Valos,Q961448,RS,fortaleza.valos,alt orto auto,auto_nick,(testing)
Valparaíso,Q983480,GO,valparaiso.goias,alt orto auto,auto_nick,(testing)
Varela,Q1786383,RS,fagundes.varela,alt orto auto,auto_nick,(testing)
Vargas,Q2003321,MA,presidente.vargas,alt orto auto,auto_nick,(testing)
Vargas,Q1750452,RS,getulio.vargas,alt orto auto,auto_nick,(testing)
Varginha,Q1755771,MG,sao.jose.varginha,alt orto auto,auto_nick,(testing)
Varjão,Q1787279,MG,varjao.minas,alt orto auto,auto_nick,(testing)
Varjota,Q1938932,PI,sao.joao.varjota,alt orto auto,auto_nick,(testing)
Velhos,Q534097,RN,lagoa.velhos,alt orto auto,auto_nick,(testing)
Veloso,Q2078352,PI,elesbao.veloso,alt orto auto,auto_nick,(testing)
Veloso,Q289981,SC,salto.veloso,alt orto auto,auto_nick,(testing)
Venâncio,Q983517,RS,venancio.aires,alt orto auto,auto_nick,(testing)
Venceslau,Q1645733,SP,presidente.venceslau,alt orto auto,auto_nick,(testing)
Venda,Q1806745,ES,venda.nova.imigrante,alt orto auto,auto_nick,(testing)
Vendelino,Q680577,RS,sao.vendelino,alt orto auto,auto_nick,(testing)
Venécia,Q734635,ES,nova.venecia,alt orto auto,auto_nick,(testing)
Veneza,Q1004221,GO,nova.veneza,alt orto auto,auto_nick,(testing)
Veneza,Q961509,SC,nova.veneza,alt orto auto,auto_nick,(testing)
Vento,Q771693,RN,caicara.rio.vento,alt orto auto,auto_nick,(testing)
Ventura,Q677612,PB,boa.ventura,alt orto auto,auto_nick,(testing)
Ventura,Q1804766,PR,boa.ventura.sao.roque,alt orto auto,auto_nick,(testing)
Verdes,Q928117,GO,campos.verdes,alt orto auto,auto_nick,(testing)
Vergueiro,Q956006,RS,nicolau.vergueiro,alt orto auto,auto_nick,(testing)
Vermelha,Q985575,RS,lagoa.vermelha,alt orto auto,auto_nick,(testing)
Vermelhas,Q1756246,MG,aguas.vermelhas,alt orto auto,auto_nick,(testing)
Vertente,Q2013655,PE,vertente.lerio,alt orto auto,auto_nick,(testing)
Vespasiano,Q1758738,RS,vespasiano.correa,alt orto auto,auto_nick,(testing)
Viagem,Q1808337,CE,boa.viagem,alt orto auto,auto_nick,(testing)
Viçoso,Q1790610,MG,dom.vicoso,alt orto auto,auto_nick,(testing)
Victor,Q1185250,RS,victor.graeff,alt orto auto,auto_nick,(testing)
Vidal,Q1784642,SC,vidal.ramos,alt orto auto,auto_nick,(testing)
Vidigal,Q1760507,SP,gastao.vidigal,alt orto auto,auto_nick,(testing)
Vieira,Q1786932,RN,marcelino.vieira,alt orto auto,auto_nick,(testing)
Vieira,Q1799281,SC,major.vieira,alt orto auto,auto_nick,(testing)
Vieiras,Q781692,MA,jenipapo.vieiras,alt orto auto,auto_nick,(testing)
Vilanova,Q1758834,RS,fazenda.vilanova,alt orto auto,auto_nick,(testing)
Vilela,Q1795888,AL,teotonio.vilela,alt orto auto,auto_nick,(testing)
Virgem,Q744690,MG,virgem.lapa,alt orto auto,auto_nick,(testing)
Visconde,Q1754796,MG,visconde.rio.branco,alt orto auto,auto_nick,(testing)
Viterbo,Q1097771,SP,santa.rosa.viterbo,alt orto auto,auto_nick,(testing)
Vitor,Q1784631,SC,vitor.meireles,alt orto auto,auto_nick,(testing)
Vivacqua,Q648890,ES,atilio.vivacqua,alt orto auto,auto_nick,(testing)
Vivida,Q1803573,PR,coronel.vivida,alt orto auto,auto_nick,(testing)
Vizinhos,Q1803648,PR,dois.vizinhos,alt orto auto,auto_nick,(testing)
Volantes,Q1755571,MG,ponto.volantes,alt orto auto,auto_nick,(testing)
Volta,Q1778624,MG,volta.grande,alt orto auto,auto_nick,(testing)
Volta,Q276176,RJ,volta.redonda,alt orto auto,auto_nick,(testing)
Wagner,Q1754557,SC,alfredo.wagner,alt orto auto,auto_nick,(testing)
Wall,Q1935648,PI,wall.ferraz,alt orto auto,auto_nick,(testing)
Walter,Q1772588,AC,porto.walter,alt orto auto,auto_nick,(testing)
Westphalen,Q375650,RS,frederico.westphalen,alt orto auto,auto_nick,(testing)
Xavantina,Q1806546,MT,nova.xavantina,alt orto auto,auto_nick,(testing)
XII,Q1833985,MA,pio.xii,alt orto auto,auto_nick,(testing)
Jequirissa,,BA,jiquirica,err,Teste,
